segment_id,study_area,failure_mode,district,centroid_lat,centroid_lon,seg_length_m,pre_NDVI,pre_LSWI,pre_NDWI,pre_slope,pre_aspect,pre_TWI,base_NDVI,base_LSWI,base_NDWI,NDVI_anomaly,LSWI_anomaly,NDWI_anomaly,S1_VV,S1_VH,S1_ratio,S1_flood_proxy,rain_1d,rain_3d,rain_7d,rain_30d,rain_1d_anom,rain_30d_anom,canal_type_encoded,label,OT_risk,SP_risk,SL_risk,V_score_physical,cv_group,V_score_ml,V_score_final,alert_tier
Budameru_Krishna_0001,Budameru_Krishna,overtopping,Krishna,16.63826099466185,80.59491643106483,200.0,0.3030276115101435,0.2109092790066639,-0.2634020554305015,2.150210236334637,175.0399207384853,3.489969602482238,0.3649681037785625,0.2107551870749345,-0.3841681441345789,-0.0619404922684189,0.0001540919317293,0.1207660887040774,-9.832368506428896,-17.23337182372133,7.401003317292437,0.0961360853970231,96.73,117.15,117.28,236.73,96.73,129.92,1,1,0.6045470355305846,0.49918287128186906,0.5084969310611884,0.5436570519261852,Budameru,0.93973917,0.7416981098082311,RED
Budameru_Krishna_0002,Budameru_Krishna,overtopping,Krishna,16.63775177042372,80.59311702657261,200.0,0.3091383005201659,0.2208804394033329,-0.2736224972902604,1.5802445271347798,132.2601362779684,3.8688751638068446,0.3419690299548515,0.1689603415131538,-0.3833594184115385,-0.0328307294346856,0.051920097890179,0.109736921121278,-10.766575226402736,-18.27641674385761,7.509841517454874,0.1549450077332875,96.73,117.15,117.28,236.99,96.73,130.18,1,1,0.6172657149962065,0.5354368889692366,0.5365147242308185,0.56843787819542,Budameru,0.93973917,0.7540885229428486,RED
Budameru_Krishna_0003,Budameru_Krishna,overtopping,Krishna,16.63724362646031,80.59131730620408,200.0,0.349574742208329,0.2363393139574649,-0.3126700203380062,1.6292645211172316,172.7216584517251,3.8766657020374087,0.3352167204784744,0.153983825776466,-0.3918952748978982,0.0143580217298545,0.0823554881809989,0.0792252545598919,-11.530764994092294,-18.86147238999325,7.330707395900957,0.2286745124989262,96.73,117.15,117.28,237.36,96.73,130.56,1,1,0.6288489160380512,0.5662152822743188,0.5205818723393826,0.5798603832960777,Budameru,0.93973917,0.7597997754931773,RED
Budameru_Krishna_0004,Budameru_Krishna,overtopping,Krishna,16.63674664577756,80.5895142724678,200.0,0.2602467956951311,0.1840748697037879,-0.242195293093157,1.6241542625169143,158.7261260390489,3.8621207675836113,0.2802419267336883,0.1206156004800704,-0.344923342508636,-0.0199951310385572,0.0634592692237174,0.102728049415479,-11.539154290629924,-19.394306212146816,7.8551519215168915,0.2236276952151877,96.73,117.15,117.28,237.74,96.73,130.91000000000005,1,1,0.6336551483189439,0.4914023357677806,0.531557858329856,0.5583423414287647,Budameru,0.93973917,0.7490407545595209,RED
Budameru_Krishna_0005,Budameru_Krishna,overtopping,Krishna,16.636259732602312,80.58770825081515,200.0,0.2981383241285985,0.2049663637591359,-0.2579593178031124,1.987483690136761,146.01928188276227,3.5761002734938865,0.2880825894778608,0.1767426130448267,-0.3293263791815453,0.0100557346507377,0.0282237507143092,0.0713670613784329,-11.297089695103626,-18.719973156235525,7.422883461131881,0.1992654796933056,96.73,117.15,117.28,238.08,96.73,131.25,1,1,0.618991832410798,0.49170242902226835,0.48970893034706975,0.5421198157088806,Budameru,0.93973917,0.7409294916995788,RED
Budameru_Krishna_0006,Budameru_Krishna,overtopping,Krishna,16.635936794279363,80.58588344197284,200.0,0.2761548947964152,0.1896861654178991,-0.2198515123409558,2.326502996327083,161.81393775372126,3.3419246950407344,0.3105551570680379,0.1932420539990124,-0.3048679580816927,-0.0344002622716227,-0.0035558885811133,0.0850164457407368,-12.692511206448726,-19.45662356727166,6.76411236082292,0.3085926594076841,96.73,117.15,117.28,238.46,96.73,131.64,1,1,0.6515659841469505,0.4351012786297984,0.4821282692705916,0.5334439084968575,Budameru,0.93973917,0.7365915380935673,RED
Budameru_Krishna_0007,Budameru_Krishna,overtopping,Krishna,16.635904825068085,80.58402528396925,200.0,0.2709603937432775,0.1567824019398188,-0.2347684839754214,2.136078090267711,170.93234754034992,3.3792273572735385,0.2061909625714979,0.2630549090506702,-0.2067999256185655,0.0647694311717796,-0.1062725071108513,-0.0279685583568559,-11.618898386727492,-18.46950318607488,6.85060479934738,0.2344589079348712,96.73,117.15,117.28,238.71,96.73,131.95,1,1,0.6023559847124849,0.3310004920024999,0.44639386176771045,0.4683910315277965,Budameru,0.93973917,0.7040650996090367,RED
Budameru_Krishna_0008,Budameru_Krishna,overtopping,Krishna,16.635999833917936,80.58215256830108,200.0,0.2070723552418429,0.1445012781819467,-0.1729466251160223,1.4027448895761856,154.4324167592906,3.946685005795015,0.1224345758638875,0.2948990593569758,-0.1347270552334327,0.0846377793779553,-0.1503977811750291,-0.0382195698825895,-12.968850307082873,-19.72838959754444,6.759539290461545,0.3437097189997423,96.73,117.15,117.28,238.98,96.73,132.25,1,1,0.6286607263326494,0.2558717720634162,0.4993029414242043,0.4658451461113065,Budameru,0.93973917,0.7027921569007918,RED
Budameru_Krishna_0009,Budameru_Krishna,overtopping,Krishna,16.636034164782373,80.58028561170966,200.0,0.2080194452306804,0.1435008638500123,-0.1871511564687227,2.1246315179046067,176.00608901560918,3.465012966754485,0.2378277682675841,0.1718253069166236,-0.2713194893472786,-0.0298083230369037,-0.0283244430666113,0.0841683328785558,-11.985398741204817,-18.87949494518153,6.8940962039767175,0.2204587431811348,96.73,117.15,117.28,239.35,96.73,132.64,1,1,0.6279616611671205,0.3821334697173729,0.4927791823576404,0.5081261744573389,Budameru,0.93973917,0.723932671073808,RED
Budameru_Krishna_0010,Budameru_Krishna,overtopping,Krishna,16.635661160222778,80.5784948499598,200.0,0.2716372164745902,0.1526953537040839,-0.2412238574381147,3.0395360077332056,169.1477525374577,3.0922934842825023,0.2934979558051261,0.1789370457232381,-0.3139206135481553,-0.0218607393305358,-0.0262416920191541,0.0726967561100405,-11.000988313287282,-17.84641108243855,6.845422769151276,0.1546145913895334,96.73,117.15,117.28,239.73,96.73,133.01999999999998,1,1,0.6074932968793817,0.4124717536261519,0.4574091738682948,0.5017147259879795,Budameru,0.93973917,0.7207269468391283,RED
Budameru_Krishna_0011,Budameru_Krishna,overtopping,Krishna,16.63494148334994,80.57677453228044,200.0,0.2555782960653422,0.1599527487379019,-0.2226185228406567,2.0710004833252773,186.1850652489125,3.600221688003821,0.2457322313475514,0.1395139435639157,-0.279304244896548,0.0098460647177907,0.0204388051739862,0.0566857220558912,-11.50402505588072,-18.1238127812019,6.619787725321186,0.2048164299984962,96.73,117.15,117.28,240.19,96.73,133.44,1,1,0.6166258639550292,0.4564368193098059,0.4942824999929032,0.5299738573386695,Budameru,0.93973917,0.7348565125144733,RED
Budameru_Krishna_0012,Budameru_Krishna,overtopping,Krishna,16.63420475036161,80.57506231109166,200.0,0.2779863205524147,0.2029111544867184,-0.2338939123779099,1.7663831432437664,155.37927701527167,3.7125904135552057,0.3155756267582155,0.1703242548215498,-0.3504216057110708,-0.0375893062058008,0.0325868996651686,0.1165276933331609,-11.196155962522711,-17.82143506999259,6.6252791074698685,0.2140985437518794,96.73,117.15,117.28,240.53,96.73,133.73000000000002,1,1,0.6347351373593553,0.5127320497854405,0.5214083968391973,0.5637023715784456,Budameru,0.93973917,0.7517207696343613,RED
Budameru_Krishna_0013,Budameru_Krishna,overtopping,Krishna,16.633435993441914,80.57336528647122,200.0,0.2534558634537427,0.1956497739931208,-0.2012739541394606,1.4687862388867412,136.09460765365287,3.9428216557206426,0.3714531159338504,0.2279173906700184,-0.3890346387478706,-0.1179972524801076,-0.0322676166768975,0.18776068460841,-12.4030711553984,-19.041847858227115,6.638776702828734,0.2435613790140694,96.73,117.15,117.28,240.98,96.73,134.14999999999998,1,1,0.6611768714627615,0.4242639042035583,0.57616085492178,0.557003328786795,Budameru,0.93973917,0.7483712482385361,RED
Budameru_Krishna_0014,Budameru_Krishna,overtopping,Krishna,16.63265225494351,80.57167537546711,200.0,0.2861279662493541,0.2123206435411493,-0.2074989422218047,1.678428150224757,147.97646092126254,3.788755273332288,0.330140017496579,0.2217671010597775,-0.3341963766694305,-0.0440120512472249,-0.0094464575186281,0.1266974344476257,-12.430935741033462,-19.47549286719098,7.044557126157518,0.2949984961113737,96.73,117.15,117.28,241.32,96.73,134.49,1,1,0.6588575290175456,0.4521246069666338,0.5321059647240038,0.554813115226341,Budameru,0.93973917,0.7472761414583091,RED
Budameru_Krishna_0015,Budameru_Krishna,overtopping,Krishna,16.631868502950383,80.56998547845443,200.0,0.3175696325150687,0.2183072228054556,-0.2496875592180606,1.8356700831560613,142.03321407851476,3.573366189415705,0.307409536740118,0.1587364492539035,-0.3416440977257969,0.0101600957749506,0.0595707735515521,0.0919565385077362,-11.059825314220364,-17.84973558285545,6.789910268635069,0.1860634961550027,96.73,117.15,117.28,241.71,96.73,134.89,1,1,0.6208727051619024,0.5515616531140142,0.4867674360734065,0.5630875196730176,Budameru,0.93973917,0.7514133436816474,RED
Budameru_Krishna_0016,Budameru_Krishna,overtopping,Krishna,16.631084737464604,80.56829559543368,200.0,0.2911314673289403,0.2195810193615159,-0.2344951956313409,1.71851135814403,144.32885451909132,3.664119132991098,0.2491140242797752,0.1442133927774449,-0.2965203382734325,0.042017443049165,0.0753676265840709,0.0620251426420916,-11.281195711621995,-18.064795040719265,6.78359932909727,0.1942779818287261,96.73,117.15,117.28,242.09,96.73,135.27,1,1,0.6152260156250623,0.5631997164699305,0.48444021156533923,0.5643203599058354,Budameru,0.93973917,0.7520297637980562,RED
Budameru_Krishna_0017,Budameru_Krishna,overtopping,Krishna,16.630300958488238,80.56660572640533,200.0,0.2936995832956324,0.2241642918540562,-0.2328224314226376,1.8509085636961136,121.14812487918032,3.627699747278312,0.2287719659765914,0.1288514976349767,-0.2773167543736201,0.0649276173190409,0.0953127942190795,0.0444943229509825,-11.832075173676964,-18.30972183793821,6.477646664261221,0.243052274386839,96.73,117.15,117.28,242.46,96.73,135.61,1,1,0.6235824715510051,0.5810431813612031,0.4733789938406183,0.5711428505569778,Budameru,0.93973917,0.7554410091236274,RED
Budameru_Krishna_0018,Budameru_Krishna,overtopping,Krishna,16.629517166023337,80.56491587136988,200.0,0.2384528313355804,0.203326432457474,-0.1973715888055521,1.6901769312578556,142.52673305617327,3.717192918497037,0.1806668971664783,0.1028787494766942,-0.2338671221043902,0.0577859341691021,0.1004476829807797,0.0364955332988381,-11.70051492004063,-18.51323258762536,6.81271766758473,0.2361379547309196,96.73,117.15,117.28,242.79,96.73,135.94,1,1,0.6196566379487024,0.5629980338049005,0.4848315684327271,0.5661198591193779,Budameru,0.93973917,0.7529295134048275,RED
Budameru_Krishna_0019,Budameru_Krishna,overtopping,Krishna,16.628746550929716,80.56321965811858,200.0,0.2366028235308681,0.2287699919617502,-0.1949584421410347,2.441614306428226,170.34499758337358,3.435832383771079,0.2077879645496387,0.1063119599715111,-0.2590518424427591,0.0288148589812294,0.1224580319902391,0.0640934003017243,-11.297357956346982,-18.675666598854672,7.378308642507694,0.1969280343716434,96.73,117.15,117.28,243.17,96.73,136.32,1,1,0.6164698736233953,0.6033601093607227,0.4723110182722135,0.5758417422936645,Budameru,0.93973917,0.7577904549919707,RED
Budameru_Krishna_0020,Budameru_Krishna,overtopping,Krishna,16.627996497837152,80.56151351889794,200.0,0.2738116895427717,0.2583574185501489,-0.2181308392965164,2.676547388781431,147.80140232108312,3.2558943857267058,0.2657511474108037,0.1504154514109536,-0.2988573497944941,0.008060542131968,0.1079419671391952,0.0807265104979777,-10.52676046029939,-18.007793207564927,7.481032747265537,0.1816951628146748,96.73,117.15,117.28,243.58,96.73,136.76000000000002,1,1,0.6167774802200827,0.6303142935262886,0.46101257908443327,0.5825741395933424,Budameru,0.93973917,0.7611566536418097,RED
Budameru_Krishna_0021,Budameru_Krishna,overtopping,Krishna,16.627253815746702,80.5598038256801,200.0,0.3038318357400716,0.2402901535641689,-0.237763520323856,2.827442827442828,130.73161533626651,3.184176968279973,0.2484575584434738,0.1438668422992207,-0.293087022276011,0.0553742772965978,0.0964233112649481,0.055323501952155,-11.133430128288278,-17.724543958658753,6.591113830370486,0.2458012971951376,96.73,117.15,117.28,243.86,96.73,137.04000000000002,1,1,0.6271432730904352,0.6089871548941386,0.4365573598954367,0.5731421534229817,Budameru,0.93973917,0.7564406605566294,RED
Budameru_Krishna_0022,Budameru_Krishna,overtopping,Krishna,16.62651111984296,80.55809414590647,200.0,0.2480455198790188,0.1716806459989379,-0.1883126157967903,2.3623398598017884,145.8096688421562,3.452362319701617,0.1843671845984084,0.1132072398407564,-0.2274618111232757,0.0636783352806104,0.0584734061581815,0.0391491953264854,-10.36720752379868,-17.631937878584058,7.2647303547853745,0.187277178815343,96.73,117.15,117.28,244.15,96.73,137.33,1,1,0.6073873614442196,0.5138768201684639,0.45997891367920657,0.5378065600564519,Budameru,0.93973917,0.7387728638733645,RED
Budameru_Krishna_0023,Budameru_Krishna,overtopping,Krishna,16.625768410127932,80.55638447957764,200.0,0.2495209397714276,0.1815011770040152,-0.1944800432613223,1.9942953831278705,162.73449359439212,3.6213041461836624,0.1770780450383037,0.1218458489111066,-0.2197292446286785,0.0724428947331239,0.0596553280929085,0.0252492013673562,-10.665138375649006,-17.62981062412939,6.964672248480384,0.1974229571566626,96.73,117.15,117.28,244.5,96.73,137.67000000000002,1,1,0.6064447298488567,0.5242120490644739,0.4721420589547571,0.5440876238507978,Budameru,0.93973917,0.7419133957705375,RED
Budameru_Krishna_0024,Budameru_Krishna,overtopping,Krishna,16.62494336098033,80.55472361081476,200.0,0.3096183434833686,0.2185656162735709,-0.2425350121025755,2.098477893210921,126.48465812998307,3.590924419706362,0.2656073415235293,0.1755134661725217,-0.2881282743465971,0.0440110019598393,0.0430521501010492,0.0455932622440215,-10.5652801501378,-17.66621743002899,7.100937279891181,0.2103103855654602,143.64,169.95,170.31,244.81,143.64,137.96,1,1,0.8266563552516812,0.5425515700570909,0.4806982729145813,0.6407301598492997,Budameru,0.93973917,0.7902346637697883,RED
Budameru_Krishna_0025,Budameru_Krishna,overtopping,Krishna,16.62384841903171,80.55325917767948,200.0,0.3425885987156398,0.2583772371490379,-0.2738721621897316,2.9359984531348187,166.99376419973896,3.117179458391725,0.3103117283171167,0.1870518030400837,-0.3184979841916767,0.0322768703985231,0.071325434108954,0.0446258220019451,-10.277084565552908,-16.793535343158688,6.516450777605779,0.1855973532128816,143.64,169.95,170.31,245.23,143.64,138.33999999999995,1,1,0.8198468546819576,0.6215643928965984,0.4384879018456974,0.6551082548480168,Budameru,0.93973917,0.7974237112691469,RED
Budameru_Krishna_0026,Budameru_Krishna,overtopping,Krishna,16.622497441326505,80.55202240989942,200.0,0.3797781777588413,0.2869620337908447,-0.3117845614656971,2.2101701469450887,133.6221964423821,3.495523251965833,0.2763376983669034,0.2063243814107945,-0.283683707780079,0.1034404793919379,0.0806376523800502,-0.0281008536856181,-10.24877352845027,-16.744503525026975,6.495729996576704,0.1967906856848255,143.64,169.95,170.31,245.72,143.64,138.76999999999998,1,1,0.803800949860868,0.6574126970239056,0.4479907071269946,0.6636125006844629,Budameru,0.93973917,0.80167583418737,RED
Budameru_Krishna_0027,Budameru_Krishna,overtopping,Krishna,16.621059126168916,80.5508890620221,200.0,0.3576322720756958,0.2756436718931558,-0.2915445015749547,2.019339554223275,156.0815162210511,3.6153061571536806,0.2688888570670842,0.1610919470150103,-0.2820185449210579,0.0887434150086116,0.1145517248781455,-0.0095259566538968,-10.133567927633177,-16.748110280472893,6.614542352839719,0.1941144882397165,143.64,169.95,170.31,246.02,143.64,139.02,1,1,0.8079476454632327,0.6779595706475099,0.4656612963737636,0.6768802320053625,Budameru,0.93973917,0.8083096998478199,RED
Budameru_Krishna_0028,Budameru_Krishna,overtopping,Krishna,16.619576866231913,80.5498393283888,200.0,0.3491575330755296,0.2629359582704586,-0.283533995587284,2.5575918762088974,185.6146034816248,3.1996962203939723,0.3294647917448967,0.208119739926181,-0.32991801089059,0.0196927413306328,0.0548162183442775,0.046384015303306,-10.3150108575259,-17.17769233395226,6.86268147642635,0.178625134264232,143.64,169.95,170.31,246.37,143.64,139.35000000000002,1,1,0.8184567825649567,0.604224025154873,0.4474353246426609,0.6507199529908534,Budameru,0.93973917,0.7952295603405652,RED
Budameru_Krishna_0029,Budameru_Krishna,overtopping,Krishna,16.617926283860292,80.5494614539526,200.0,0.4099227069556174,0.2796863447221845,-0.3403097537542981,2.824749746119251,165.7974756999855,3.1311094292317674,0.3944867331986235,0.2423259605917509,-0.3715440269589332,0.0154359737569939,0.0373603841304335,0.031234273204635,-10.10925502119597,-16.682985704980016,6.573730683784048,0.1719545464309495,143.64,169.95,170.31,246.6,143.64,139.53,1,1,0.8127258794511127,0.6133402963176368,0.4447393089933558,0.650944282739957,Budameru,0.93973917,0.795341725215117,RED
Budameru_Krishna_0030,Budameru_Krishna,overtopping,Krishna,16.61613246249985,80.54969521687045,200.0,0.3818874566763583,0.2600312525755445,-0.3308027466567436,2.0761384511263663,125.65894808082764,3.5572273194905377,0.2924086915199723,0.2556960923363783,-0.2848358942332228,0.089478765156386,0.0043351602391661,-0.0459668524235207,-9.878352994057533,-16.291017954092062,6.412664960034532,0.1366535661362025,143.64,169.95,170.31,246.76,143.64,139.61,1,1,0.7831747767148032,0.5730622020664687,0.4588973997632618,0.6285660313500008,Budameru,0.93973917,0.7841525995201389,RED
Budameru_Krishna_0031,Budameru_Krishna,overtopping,Krishna,16.61433864046187,80.54992897501513,200.0,0.3369173268014336,0.2581391123556192,-0.2880591401407524,2.0819640440750047,127.90421418905856,3.5775346736138847,0.2888684531115751,0.2505159807398934,-0.3030600064237844,0.0480488736898585,0.0076231316157257,0.0150008662830319,-10.918485160519356,-17.268754614724738,6.350269454205381,0.220456205163452,143.64,169.95,170.31,246.97,143.64,139.7,1,1,0.8213492334009709,0.555745760733035,0.4771857039546804,0.6423471356056206,Budameru,0.93973917,0.7910431516479488,RED
Budameru_Krishna_0032,Budameru_Krishna,overtopping,Krishna,16.612544817746496,80.55016272838748,200.0,0.3507674076931275,0.2391342877854967,-0.2914596513790829,1.96080610864102,144.1568722211482,3.548478468344947,0.3058397115766096,0.2116620762889001,-0.3219319809687435,0.0449276961165178,0.0274722114965965,0.0304723295896606,-11.24532713367114,-17.37359779250619,6.128270658835033,0.2561216599364206,143.64,169.95,170.31,247.25,143.64,139.81,1,1,0.834856805202648,0.5545671340298405,0.47260034138620244,0.6461913043380539,Budameru,0.93973917,0.7929652360141655,RED
Budameru_Krishna_0033,Budameru_Krishna,overtopping,Krishna,16.61075099435384,80.55039647698824,200.0,0.2765888741363573,0.1964786122401608,-0.2333088922973494,2.281837968561064,152.8287787182588,3.333786543050017,0.2905468264299807,0.176549963710598,-0.3191744769069903,-0.0139579522936233,0.0199286485295627,0.0858655846096408,-10.699405956091992,-17.767211670876417,7.067805714784429,0.1848549946294307,143.64,169.95,170.31,247.46,143.64,139.91000000000005,1,1,0.8304327111944789,0.5013687956578794,0.47264312941891096,0.6258129453127771,Budameru,0.93973917,0.7827760565015272,RED
Budameru_Krishna_0034,Budameru_Krishna,overtopping,Krishna,16.608967651223814,80.55035814413327,200.0,0.2277106994044372,0.1600604969204396,-0.167552836101917,2.058934442080835,181.8997776058789,3.4050846786815843,0.4731537159871137,0.223209991087233,-0.4625259239525411,-0.2454430165826764,-0.0631494941667934,0.294973087850624,-10.585498612564546,-17.64957434524824,7.064075732683702,0.1482754177226063,143.64,169.95,170.31,247.68,143.64,140.05,1,1,0.8754024557996366,0.39519212536131004,0.5651299475949428,0.6297607130950489,Budameru,0.93973917,0.784749940392663,RED
Budameru_Krishna_0035,Budameru_Krishna,overtopping,Krishna,16.60733784174535,80.54969800067101,200.0,0.1829871469076428,0.1466706378784694,-0.1277635542659252,1.6135924207269912,117.00507540603245,3.824058999759453,0.5429386487352461,0.2454749529045881,-0.5150747200652611,-0.3599515018276032,-0.0988043150261186,0.3873111657993359,-11.202869334200717,-18.20803822369872,7.005168889498004,0.1862473416253142,143.64,169.95,170.31,247.9,143.64,140.23000000000002,1,1,0.9096199828035993,0.3401022850983141,0.6544141849917546,0.6464873391537884,Budameru,0.93973917,0.7931132534220328,RED
Budameru_Krishna_0036,Budameru_Krishna,overtopping,Krishna,16.60619232926877,80.54836700703255,200.0,0.1954348802094767,0.1812298698129537,-0.145191190367767,1.8183663605606568,171.37994200096662,3.6754174072610017,0.5554210428736279,0.2593756276756476,-0.514441160990649,-0.3599861626641512,-0.0781457578626938,0.3692499706228819,-9.704738427720992,-16.138817003944993,6.434078576223996,0.0973964598728304,143.64,169.95,170.31,248.18,143.64,140.53,1,1,0.88132480207187,0.43022020435960173,0.6388230611174294,0.6628127576339659,Budameru,0.93973917,0.8012759626621215,RED
Budameru_Krishna_0037,Budameru_Krishna,overtopping,Krishna,16.605434309104712,80.54668867154622,200.0,0.2236294415314024,0.210338765435407,-0.1763176331807331,1.9558133913463864,152.2289098380469,3.600540881857824,0.4735051846540151,0.2695565826665099,-0.4410075447825647,-0.2498757431226127,-0.0592178172311028,0.2646899116018315,-9.476427134868867,-15.357810805855788,5.881383670986926,0.1468508928379569,143.64,169.95,170.31,248.53,143.64,140.89,1,1,0.8671064878148939,0.48917724741447155,0.5901093013325687,0.6655819570541648,Budameru,0.93973917,0.8026605623722209,RED
Budameru_Krishna_0038,Budameru_Krishna,overtopping,Krishna,16.60453269595913,80.54508941147901,200.0,0.1649677644321345,0.1722382713212705,-0.1170786885066451,2.381778637022716,148.9285645239245,3.5428782700924457,0.2539654636935396,0.305869233039938,-0.2383834210140715,-0.0889976992614051,-0.1336309617186675,0.1213047325074263,-9.550776327892564,-16.007495544738674,6.456719216846112,0.1392630787410033,143.64,169.95,170.31,248.87,143.64,141.25,1,1,0.8276029879535536,0.3747140497076562,0.5293494031844156,0.594528463375205,Budameru,0.93973917,0.7671338155327411,RED
Budameru_Krishna_0039,Budameru_Krishna,overtopping,Krishna,16.603418365065664,80.54361362980387,200.0,0.1335909862457659,0.1714672762629801,-0.0973706741582706,3.644821419941037,165.57092455657047,2.9239831451346574,0.2334557836602414,0.2977675645523329,-0.2330455074096166,-0.0998647974144755,-0.1263002882893528,0.135674833251346,-9.34101962760444,-16.101881791207862,6.760862163603421,0.09869834178194,143.64,169.95,170.31,249.16,143.64,141.54,1,1,0.8205981653291172,0.37905508027522816,0.4753666598984095,0.5797502092025791,Budameru,0.93973917,0.7597446884464281,RED
Budameru_Krishna_0040,Budameru_Krishna,overtopping,Krishna,16.60209058252539,80.54239749557081,200.0,0.1545126356567363,0.176934931849017,-0.1169360178757015,3.2097195357833663,172.70212765957444,3.0096510564385355,0.3923195085320163,0.2162556190719391,-0.3736401618817172,-0.23780687287528,-0.039320687222922,0.2567041440060156,-9.20418429392818,-15.436224372661728,6.232040078733549,0.1156390977443608,143.64,169.95,170.31,249.55,143.64,141.86,1,1,0.8567377618050296,0.47592040676385583,0.530931637876265,0.6420001565584276,Budameru,0.93973917,0.7908696621243523,RED
Budameru_Krishna_0041,Budameru_Krishna,overtopping,Krishna,16.60053015329877,80.54147614190175,200.0,0.2116671856481057,0.183109149425069,-0.1768924075919193,2.5038669760247485,167.0211716937355,3.344969066865452,0.3296438652017129,0.1812459495599974,-0.3129055404914522,-0.1179766795536071,0.0018631998650715,0.1360131328995328,-6.949049565611948,-13.910768658491076,6.961719092879128,0.0350997787468047,143.64,169.95,170.31,249.98,143.64,142.24,1,1,0.8038134572200035,0.5484062455935443,0.516945946866445,0.6427040555623532,Budameru,0.93973917,0.7912216116263151,RED
Budameru_Krishna_0042,Budameru_Krishna,overtopping,Krishna,16.599067947835696,80.54040355401456,200.0,0.2097319427816147,0.1715838186544617,-0.1685662183869527,3.956200145032633,150.61169929900896,3.0600858205275494,0.2585303835536657,0.1607255189538507,-0.2390724287778371,-0.0487984407720509,0.010858299700611,0.0705062103908844,-8.077598015840971,-14.145025655256084,6.067427639415119,0.0431495521811035,143.64,169.95,170.31,250.15,143.64,142.41000000000005,1,1,0.7888212657009808,0.5416663504074408,0.47882628381159903,0.6248182998758963,Budameru,0.93973917,0.7822787337830868,RED
Budameru_Krishna_0043,Budameru_Krishna,overtopping,Krishna,16.59783624535879,80.539038037238,200.0,0.1601259581286538,0.1300833917070112,-0.1373102340304978,5.495892132225015,146.31533926155038,2.604778629545586,0.1319086075314542,0.1341838107628237,-0.1269304263494887,0.0282173505971995,-0.0041004190558124,-0.0103798076810091,-7.136930240155921,-13.697204159291964,6.560273919136052,0.0547798066595059,143.64,169.95,170.31,250.39,143.64,142.67,1,1,0.7707578861085423,0.49893190064177056,0.41738874940307313,0.587276507018805,Budameru,0.93973917,0.763507837354541,RED
Budameru_Krishna_0044,Budameru_Krishna,overtopping,Krishna,16.59669495354362,80.53758394470591,200.0,0.1772791527502374,0.1137078897309103,-0.1630386611851899,4.193560862419028,136.4858358309967,2.868081658200131,0.1216289718679528,0.1103751489624506,-0.1254696961154443,0.0556501808822846,0.0033327407684597,-0.0375689650697456,-7.19212763660574,-13.916046149534862,6.72391851292912,0.1008787950409316,143.64,169.95,170.31,250.63,143.64,142.93,1,1,0.7758792341714678,0.4866896070252651,0.41891407439834893,0.5854215747270171,Budameru,0.93973917,0.7625803712086471,RED
Budameru_Krishna_0045,Budameru_Krishna,overtopping,Krishna,16.59555386030876,80.53612966832206,200.0,0.2713857607195529,0.1518656258554704,-0.2447916205091494,3.2807467234124856,146.8011800551336,3.0360338892505627,0.2530493115122995,0.1524797186620491,-0.2512544429641687,0.0183364492072533,-0.0006140928065786,0.0064628224550193,-8.734249401703533,-14.77804035325672,6.043790951553191,0.1472521806385081,143.64,169.95,170.31,250.9,143.64,143.21,1,1,0.7996952613729016,0.5016671516057961,0.43913044761405884,0.605244219514704,Budameru,0.93973917,0.7724916936024906,RED
Budameru_Krishna_0046,Budameru_Krishna,overtopping,Krishna,16.594412757216144,80.53467540918999,200.0,0.377611273832644,0.2413484382138281,-0.3269076460083535,4.1580169286578,157.33557436517535,2.7300607126384406,0.3831393904815786,0.2513392158050617,-0.3564934609133723,-0.0055281166489345,-0.0099907775912335,0.0295858149050188,-9.674279651761958,-16.349559714019364,6.675280062257406,0.1972805189783687,143.64,169.95,170.31,251.12,143.64,143.46,1,1,0.8190140281109994,0.5449992296927872,0.42364995364475244,0.6242678300480635,Budameru,0.93973917,0.7820034988691703,RED
Budameru_Krishna_0047,Budameru_Krishna,overtopping,Krishna,16.593352274358327,80.53316207730653,200.0,0.3635987290777097,0.2335952139360222,-0.3119391547616301,3.15201314708299,174.43955725264632,3.1223703386051294,0.3305542948585896,0.2221431116268282,-0.3149259888175506,0.03304443421912,0.0114521023091939,0.0029868340559204,-7.175558593730713,-14.734886039978088,7.559327446247364,0.0711676479436159,143.64,169.95,170.31,251.35,143.64,143.7,1,1,0.7786006266321281,0.5884293826066049,0.4424953125984272,0.6280143627147698,Budameru,0.93973917,0.7838767652025235,RED
Budameru_Krishna_0048,Budameru_Krishna,overtopping,Krishna,16.592539048576175,80.53151563444155,200.0,0.3613919561375931,0.2281616194670824,-0.3024750027092182,2.272670146945089,186.11262567672085,3.3709213192819103,0.3595350792565085,0.2315561193126165,-0.3210188574974588,0.0018568768810845,-0.003394499845534,0.0185438547882406,-9.36195540826266,-16.1620819767549,6.800126568492233,0.1282172474541313,143.64,169.95,170.31,251.51,143.64,143.87,1,1,0.7978039381994948,0.54279771186743,0.4712968745617713,0.6269249930738412,Budameru,0.93973917,0.7833320803820591,RED
Budameru_Krishna_0049,Budameru_Krishna,overtopping,Krishna,16.592045411693668,80.52973494289152,200.0,0.4053945772753961,0.2702648327936021,-0.3422252915762589,1.9721080872045245,169.64987673418082,3.551836311940648,0.4024122003532626,0.2623286521854155,-0.3511683496876899,0.0029823769221335,0.0079361806081865,0.008943058111431,-10.98840265141195,-16.91412626930615,5.925723617894201,0.2344183048662584,143.64,169.95,170.31,251.72,143.64,144.09,1,1,0.8234695672531808,0.577291424901419,0.4890027966289451,0.6536905247740052,Budameru,0.93973917,0.7967148462321412,RED
Budameru_Krishna_0050,Budameru_Krishna,overtopping,Krishna,16.59156877834162,80.52794558135074,200.0,0.4000658469161698,0.2652155759348966,-0.3389534311403372,2.133384883046589,174.26783297892916,3.6201920941058505,0.3620632534960109,0.2548773925503838,-0.3362129477892173,0.0380025934201589,0.0103381833845128,-0.0027404833511199,-10.988585388510478,-16.737689409237763,5.749104020727293,0.2375673991965801,143.64,169.95,170.31,251.92,143.64,144.32999999999998,1,1,0.821250192134554,0.5783759864071449,0.4872959764161754,0.6527556662003662,Budameru,0.93973917,0.7962474169453216,RED
Budameru_Krishna_0051,Budameru_Krishna,overtopping,Krishna,16.59072792251611,80.52632143675584,200.0,0.3128219694408687,0.1981182409343763,-0.2661369881187656,2.3234896085065246,183.6957950700821,3.460602426027597,0.2659281411699307,0.1755593579819083,-0.2608027043955518,0.046893828270938,0.0225588829524679,-0.0053342837232138,-11.175959940199837,-17.161356914106932,5.985396973907081,0.2369913633824604,143.64,169.95,170.31,252.22,143.64,144.61,1,1,0.8204191741554867,0.520250546484035,0.46669700304415984,0.6269296116926469,Budameru,0.93973917,0.783334389691462,RED
Budameru_Krishna_0052,Budameru_Krishna,overtopping,Krishna,16.58964542809705,80.52482061575718,200.0,0.270739284578805,0.1811091859645546,-0.2285504372198524,2.368166658610856,177.62477645125432,3.384294627680544,0.2243879720391164,0.1616927770771011,-0.2141922503557785,0.0463513125396886,0.0194164088874534,-0.0143581868640738,-10.566210672147802,-16.6973770670408,6.131166394892994,0.2555280971311916,143.64,169.95,170.31,252.45,143.64,144.86,1,1,0.8229776577598543,0.510907589585537,0.4578743713721286,0.6224773123019118,Budameru,0.93973917,0.7811082399960945,RED
Budameru_Krishna_0053,Budameru_Krishna,overtopping,Krishna,16.58895829804557,80.52388563502913,200.0,0.2946354867066484,0.2027105236818972,-0.2479691938924823,2.1400599497195896,164.63126087797332,3.4594383746301025,0.2558968210572388,0.1786553559092135,-0.2390288892249656,0.0387386656494096,0.0240551677726836,-0.0089403046675166,-10.531576808962088,-17.07066288069048,6.539086071728378,0.2552519654594662,143.64,169.95,170.31,252.53,143.64,144.98000000000002,1,1,0.8243209918260163,0.5277606626869455,0.466532942359165,0.6310778642606287,Budameru,0.93973917,0.7854085159754529,RED
Budameru_Krishna_0054,Budameru_Krishna,overtopping,Krishna,16.58837019861329,80.52312722468832,200.0,0.2718014299750373,0.1807618278886074,-0.2341577096960857,1.9724424676078132,160.10679752465674,3.527765244376802,0.242590724088061,0.1478713154014466,-0.2346886197135982,0.0292107058869763,0.0328905124871607,0.0005309100175125,-9.829080537176688,-16.716906619174758,6.887826081998067,0.1993942127988656,143.64,169.95,170.31,252.62,143.64,145.07,1,1,0.8119779269373296,0.5225520944968971,0.4760554648737719,0.6266982700672888,Budameru,0.93973917,0.7832187188787829,RED
Budameru_Krishna_0055,Budameru_Krishna,overtopping,Krishna,16.587159998826184,80.52214959083162,200.0,0.2629300084934449,0.1891898966814232,-0.2296703213485881,2.6453499613302403,166.53924980665124,3.2181733127886543,0.2600722063283499,0.1832373639039795,-0.2506170973289879,0.002857802165095,0.0059525327774437,0.0209467759803998,-9.228189778877562,-16.26322725649682,7.035037477619248,0.0763248909797856,143.64,169.95,170.31,252.74,143.64,145.21,1,1,0.7846648010004805,0.5146046195462958,0.45761232131007246,0.6083806175689138,Budameru,0.93973917,0.7740598926295954,RED
Budameru_Krishna_0056,Budameru_Krishna,overtopping,Krishna,16.58550523492243,80.52187718558541,200.0,0.392582761747361,0.2371917753024264,-0.3438675768928168,2.827316224445411,158.698322942342,3.1537138848345445,0.3946279290239235,0.2236142158824405,-0.3610205719779701,-0.0020451672765625,0.0135775594199859,0.0171529950851533,-9.920833718855215,-16.33216873390226,6.411335015047058,0.0383458646616541,143.64,169.95,170.31,252.91,143.64,145.39,1,1,0.7735967426543405,0.5641777805350934,0.4542562871694825,0.6204649920413895,Budameru,0.93973917,0.7801020798658334,RED
Budameru_Krishna_0057,Budameru_Krishna,overtopping,Krishna,16.583728408103912,80.5221391450493,200.0,0.4558462076405169,0.257061740294592,-0.3963436490772404,2.5720156650389203,173.04917081661267,3.367357654329099,0.474221285751967,0.2144753092294338,-0.4347480252714857,-0.0183750781114501,0.0425864310651581,0.0384043761942453,-9.646953205267897,-15.840174423556428,6.193221218288532,0.0483105277855347,143.64,169.95,170.31,253.01,143.64,145.43,1,1,0.7817969611391195,0.6181200273822081,0.48348447018532226,0.6499319115857511,Budameru,0.93973917,0.7948355396380141,RED
Budameru_Krishna_0058,Budameru_Krishna,overtopping,Krishna,16.581978559077633,80.52225215062936,200.0,0.4427981578425766,0.2590517869597252,-0.3721773496825232,2.3471805783924946,183.41933455846788,3.32726935522426,0.4769435225063784,0.2487346956735665,-0.4272535552037126,-0.0341453646638017,0.0103170912861586,0.0550762055211894,-9.949867931363908,-15.699024389289049,5.7491564579251335,0.1231552490816523,143.64,169.95,170.31,253.06,143.64,145.44,1,1,0.8060129330701704,0.5934240280234967,0.4805020680153704,0.6502291000401346,Budameru,0.93973917,0.7949841338652058,RED
Budameru_Krishna_0059,Budameru_Krishna,overtopping,Krishna,16.580354619795422,80.52274743625102,200.0,0.438611056172805,0.2656537186369102,-0.3730194305016044,2.471091559508846,182.60069612298176,3.2841752842682155,0.5066701075501142,0.2534784280854973,-0.4486245299586771,-0.0680590513773091,0.0121752905514128,0.0756050994570726,-9.912335427685864,-15.682782371549774,5.770446943863895,0.0646373947413645,143.64,169.95,170.31,253.31,143.64,145.60000000000002,1,1,0.7958553347128292,0.6016302395604508,0.4898233073391439,0.6513685445660754,Budameru,0.93973917,0.7955538561281763,RED
Budameru_Krishna_0060,Budameru_Krishna,overtopping,Krishna,16.578729018864447,80.52349372741318,200.0,0.4442890311804041,0.276180243768745,-0.3802607871312138,3.1141669486200394,164.66358934699596,3.0463927103709167,0.5255367038224077,0.2696703384608038,-0.4613959661213395,-0.0812476726420035,0.0065099053079412,0.0811351789901257,-9.808347997091085,-15.91687596334322,6.108527966252143,0.0802733074063728,143.64,169.95,170.31,253.51,143.64,145.70999999999998,1,1,0.8014495858848354,0.6017739660203301,0.47512689220835946,0.6499824455131396,Budameru,0.93973917,0.7948608066017083,RED
Budameru_Krishna_0061,Budameru_Krishna,overtopping,Krishna,16.577289841973002,80.52314023410518,200.0,0.352914845679416,0.2368164382832415,-0.3176445173424261,3.942609872842431,175.31421940724263,2.871071617817905,0.3886906327552958,0.2372758110661114,-0.363882707186467,-0.0357757870758798,-0.0004593727828699,0.0462381898440409,-11.25865314705579,-17.781958358637418,6.523305211581638,0.1888697894284486,143.64,169.95,170.31,253.49,143.64,145.68,1,1,0.8211366357621125,0.5237693304578644,0.4494785146057154,0.6241435486165264,Budameru,0.93973917,0.7819413581534018,RED
Budameru_Krishna_0062,Budameru_Krishna,overtopping,Krishna,16.576687666286876,80.52165671936191,196.77682019100573,0.2005887852421353,0.2010724607238635,-0.1781614922438354,4.120769677045058,154.8118835815123,3.221648141744571,0.1785520269563346,0.2052739083391452,-0.1736923062783558,0.0220367582858006,-0.0042014476152817,-0.0044691859654795,-13.057533933088733,-20.47497998482253,7.417446051733815,0.3481764844942081,143.64,169.95,170.31,253.6,143.64,145.85,1,1,0.8501435906942019,0.43624009434376143,0.4756422600261504,0.6116520343045349,Budameru,0.93973917,0.775695600997406,RED
Annamayya_Kadapa_0001,Annamayya_Kadapa,piping_overtopping,Y.S.R.Kadapa,14.610248102215962,78.7315335672007,200.0,0.5041303182762328,0.2902862773915353,-0.4179316982360517,1.895504905071014,157.37424959734494,3.5540250828806186,0.6483683294079851,0.2821679637151411,-0.5627061929498393,-0.1442380111317522,0.0081183136763942,0.1447744947137875,-9.446767969942494,-15.969947733346508,6.523179763404007,0.0,115.57,195.94,253.03,238.2,115.57,176.35,2,1,0.7584171837863962,0.604167097524166,0.5433882924264762,0.6506724307546357,Annamayya,0.93973917,0.7952057992224564,RED
Annamayya_Kadapa_0002,Annamayya_Kadapa,piping_overtopping,Y.S.R.Kadapa,14.611961306365718,78.73094356739472,200.0,0.6005042222827288,0.3345309978558255,-0.4976896384730133,1.9489019033674968,177.3882381649585,3.649468222257327,0.681439601008718,0.3092446334578925,-0.5914008664971591,-0.0809353787259892,0.025286364397933,0.0937112280241457,-10.043170841571667,-16.790066776263124,6.746895934691461,0.0,115.57,195.94,253.03,238.0,115.57,176.02,2,1,0.7450658585085066,0.6443129496146982,0.5326974808721335,0.6567102459865803,Annamayya,0.93973917,0.7982247068384287,RED
Annamayya_Kadapa_0003,Annamayya_Kadapa,piping_overtopping,Y.S.R.Kadapa,14.613674507472169,78.73035355664418,200.0,0.6477822757039825,0.3314218227425183,-0.5430241771416828,1.8349519301156607,148.45366258357328,3.672614143982893,0.6679156463314104,0.3014564900710008,-0.5878520427161764,-0.0201333706274279,0.0299653326715175,0.0448278655744935,-10.59028641347748,-16.670346208952004,6.080059795474526,0.0,115.57,195.94,253.03,237.77,115.57,175.70000000000002,2,1,0.7322845048064592,0.6478412512962453,0.5108706937121797,0.6473759133043144,Annamayya,0.93973917,0.7935575404972958,RED
Annamayya_Kadapa_0004,Annamayya_Kadapa,piping_overtopping,Y.S.R.Kadapa,14.61539347009718,78.72978189266489,200.0,0.6499459843025848,0.3289140910135228,-0.5422234323739871,1.6840255746986184,129.93791790716963,3.8191264306850017,0.6674948502672754,0.3129454024363806,-0.5790956603675489,-0.0175488659646906,0.0159686885771421,0.0368722279935618,-10.425455571480551,-16.50549259261226,6.080037021131705,0.0,115.57,195.94,253.03,237.34,115.57,175.13,2,1,0.7302043733925878,0.6357107528674821,0.5261347261885451,0.6461141944077902,Annamayya,0.93973917,0.7929266810490336,RED
Annamayya_Kadapa_0005,Annamayya_Kadapa,piping_overtopping,Y.S.R.Kadapa,14.617118875935136,78.7292307461029,200.0,0.587796700965324,0.3234316864245691,-0.498377891255044,1.5912152269399702,142.37920937042452,3.797031143617624,0.6080818423065332,0.3103233378404015,-0.5123300719028431,-0.0202851413412091,0.0131083485841675,0.013952180647799,-10.115091724115551,-16.720401402450165,6.605309678334615,0.0,115.57,195.94,253.03,236.93,115.57,174.61,2,1,0.7242115525776205,0.6237013528034029,0.5227729890564013,0.6386733417763396,Annamayya,0.93973917,0.7892062547333083,RED
Annamayya_Kadapa_0006,Annamayya_Kadapa,piping_overtopping,Y.S.R.Kadapa,14.61884109334686,78.72866950453381,200.0,0.569355381424232,0.3300060383665953,-0.469229967893239,1.5869543989844743,126.7110145493604,3.7708234255848554,0.4953089424672191,0.2610841432484593,-0.4282505815258344,0.0740464389570129,0.068921895118136,-0.0409793863674045,-9.766568983249533,-16.638178946247255,6.8716099629977245,0.0,115.57,195.94,253.03,236.66,115.57,174.23,2,1,0.7098487969846073,0.6816847257294868,0.483850314349933,0.6434917513866466,Annamayya,0.93973917,0.7916154595384619,RED
Annamayya_Kadapa_0007,Annamayya_Kadapa,piping_overtopping,Y.S.R.Kadapa,14.620556032376928,78.7280851966363,200.0,0.5094606880077722,0.2784482019688882,-0.4174760487857559,1.6179643641689043,119.24535025628502,3.831608572329338,0.6299974561507452,0.3136185780668634,-0.5450242251087861,-0.1205367681429729,-0.0351703760979751,0.1275481763230302,-9.268910682496587,-15.569680595883002,6.300769913386413,0.0,115.57,195.94,253.03,236.45,115.57,173.92999999999998,2,1,0.7539130814230793,0.5605219337420061,0.5653735954169139,0.6390913082331624,Annamayya,0.93973917,0.7894152379617198,RED
Annamayya_Kadapa_0008,Annamayya_Kadapa,piping_overtopping,Y.S.R.Kadapa,14.62226756003178,78.7274900769922,200.0,0.3837904829554951,0.2019813366428082,-0.3036546145810749,1.6776964372864818,129.488140556369,3.755122845136887,0.5926799214839344,0.2777979570522066,-0.5061924264527976,-0.2088894385284393,-0.0758166204093983,0.2025378118717226,-9.183802439919615,-15.357672060946529,6.173869621026913,0.0,115.57,195.94,253.03,236.11,115.57,173.43,2,1,0.7735203467154912,0.45762388013509,0.5898204082424605,0.6170315987940931,Annamayya,0.93973917,0.7783853832421851,RED
Annamayya_Kadapa_0009,Annamayya_Kadapa,piping_overtopping,Y.S.R.Kadapa,14.623979040913245,78.72689481385649,200.0,0.330815823599462,0.1894031054937485,-0.2558752231715681,1.3922401171303076,119.67486578818936,4.063355998193632,0.5556992926499554,0.2344516510246482,-0.4813656773975041,-0.2248834690504934,-0.0450485455308997,0.2254904542259359,-9.876382457335886,-17.220533055758473,7.344150598422592,0.0014099171402542,115.57,195.94,253.03,235.92,115.57,173.14,2,1,0.779895751316246,0.43822340560506745,0.6305355881115781,0.6229703895161666,Annamayya,0.93973917,0.7813547786032218,RED
Annamayya_Kadapa_0010,Annamayya_Kadapa,piping_overtopping,Y.S.R.Kadapa,14.625690449795265,78.72629933074431,200.0,0.3103835510154116,0.1533078009856295,-0.2459200122655398,1.7352438607625835,134.17404677049254,3.998059207941696,0.450319794960169,0.2030808563304355,-0.393473817591606,-0.1399362439447574,-0.0497730553448059,0.1475538053260661,-10.530365387542616,-17.424334858643107,6.893969471100488,0.0531531922276196,75.69,134.09,205.54,235.44,75.69,172.51999999999998,2,1,0.5674930364090925,0.3967156707843551,0.5959724427493411,0.5148408100254966,Annamayya,0.93973917,0.7272899888578869,RED
Annamayya_Kadapa_0011,Annamayya_Kadapa,piping_overtopping,Y.S.R.Kadapa,14.627401830367347,78.72570376012668,200.0,0.3880522324702331,0.1586950083778065,-0.3361508480525718,1.599355531686358,156.55248510887603,3.9336626979232174,0.4766783986289897,0.1289250234610397,-0.4533439806618288,-0.0886261661587565,0.0297699849167668,0.117193132609257,-9.230382149994666,-16.29150575777329,7.061123607778614,0.0,75.69,134.09,205.54,234.99,75.69,171.96,2,1,0.5454528134254117,0.49510983817429494,0.5661309814728792,0.5330023140993877,Annamayya,0.93973917,0.7363707408948323,RED
Annamayya_Kadapa_0012,Annamayya_Kadapa,piping_overtopping,Y.S.R.Kadapa,14.629013945518006,78.72516263835372,175.5064517401047,0.5019489380477534,0.2114686476635648,-0.4464891867113417,1.486016887110157,158.30767729025328,3.8596494230491487,0.4325927426894135,0.0860814305035587,-0.4312724239771998,0.0693561953583398,0.1253872171600061,-0.0152167627341419,-8.390797141771667,-15.423851150171652,7.033054008399993,0.0,75.69,134.09,205.54,234.52,75.69,171.41000000000005,2,1,0.5108320831559233,0.646281528567066,0.4953001317416219,0.5543564011962478,Annamayya,0.93973917,0.7470477844432625,RED
Rayalacheruvu_Tirupati_0001,Rayalacheruvu_Tirupati,piping_saturation,Tirupati,13.44000003499387,79.88092364400342,200.0,0.3864441677584271,0.0748740566070799,-0.3856867209520909,3.530658294908272,236.6575591091926,2.8885126066895244,0.1852262602051447,0.0787603231720647,-0.1731677611709066,0.2012179075532824,-0.0038862665649847,-0.2125189597811843,-9.075336227419491,-16.012133175169907,6.936796947750415,0.0,0.23,2.01,8.73,437.59,0.23,162.01999999999998,3,1,0.04688257727183452,0.538100428166995,0.355618156928284,0.29599271999925303,Rayalacheruvu,0.93973917,0.6178659438447651,AMBER
Rayalacheruvu_Tirupati_0002,Rayalacheruvu_Tirupati,piping_saturation,Tirupati,13.440000094815566,79.88277093284147,200.0,0.6972760739389297,0.3124401359095605,-0.5660712894358639,11.34119897959184,268.3450255102041,1.707902053194425,0.4037440032437501,0.2139006683486697,-0.3407375691625728,0.2935320706951795,0.0985394675608908,-0.2253337202732911,-9.527724558541571,-15.745951175347567,6.2182266168060165,0.0,0.23,2.01,8.73,438.45,0.23,162.44,3,1,0.04353194879112525,0.8537247229555374,0.30089640735893997,0.39144053439062315,Rayalacheruvu,0.93973917,0.6655898510404501,AMBER
Rayalacheruvu_Tirupati_0003,Rayalacheruvu_Tirupati,piping_saturation,Tirupati,13.440000141082514,79.88461822278607,200.0,0.6936788054890722,0.3053724121876248,-0.5659895003015416,14.670591120922246,274.2596026490065,1.377377075381379,0.5715722051564012,0.2677079206598832,-0.4704419716602578,0.122106600332671,0.0376644915277415,-0.0955475286412837,-9.390877739208838,-15.864202382071904,6.473324642863059,0.0,0.23,2.01,8.73,439.19,0.23,162.8,3,1,0.0774666688627839,0.7903483760534185,0.37900943404521703,0.40236095767511426,Rayalacheruvu,0.93973917,0.6710500626826956,AMBER
Rayalacheruvu_Tirupati_0004,Rayalacheruvu_Tirupati,piping_saturation,Tirupati,13.440000173794695,79.88646551383519,200.0,0.7234775060454282,0.3067223174567502,-0.5988199532431069,12.303468917128702,153.38741965556156,1.639368274598111,0.45741999193464,0.2043995191049331,-0.3751825252612636,0.2660575141107881,0.1023227983518171,-0.2236374279818432,-6.7772044615445,-13.890148611558145,7.112944150013647,0.0,0.23,2.01,8.73,439.87,0.23,163.13,3,1,0.043975472122430095,0.8884726035276307,0.31862744732929493,0.40821246191596644,Rayalacheruvu,0.93973917,0.6739758148031217,AMBER
Rayalacheruvu_Tirupati_0005,Rayalacheruvu_Tirupati,piping_saturation,Tirupati,13.440000192952102,79.8883128059868,200.0,0.7313227959189456,0.3127065791241678,-0.598973207117107,12.594800098111357,101.74280107922492,1.605730886286881,0.5855636213909421,0.2637766929286403,-0.4756801523557672,0.1457591745280034,0.0489298861955275,-0.1232930547613397,-7.507108915792175,-14.193571697635385,6.686462781843214,0.0,0.23,2.01,8.73,440.61,0.23,163.5,3,1,0.07021214779019859,0.8402594028631717,0.3644774791849194,0.41329501991441936,Rayalacheruvu,0.93973917,0.6765170938023483,AMBER
Rayalacheruvu_Tirupati_0006,Rayalacheruvu_Tirupati,piping_saturation,Tirupati,13.44000019855471,79.89016009923887,200.0,0.7291124193581974,0.3314536300039478,-0.6147670061314382,14.034925929559508,67.7880408123222,1.4588043162481374,0.5602314606438629,0.2526104969961843,-0.4600721424262566,0.1688809587143345,0.0788431330077634,-0.1546948637051816,-6.730225573995817,-13.951726228627386,7.221500654631565,0.0,0.23,2.01,8.73,441.3,0.23,163.82999999999998,3,1,0.06200163184198129,0.889628013439398,0.36115884888828076,0.426460169662652,Rayalacheruvu,0.93973917,0.6830996686764645,AMBER
Rayalacheruvu_Tirupati_0007,Rayalacheruvu_Tirupati,piping_saturation,Tirupati,13.440000190602508,79.89200739358934,200.0,0.7138671217592623,0.3335419218007155,-0.6091194559171567,13.299303375196232,90.80960557299842,1.5517339878145568,0.4941348848741088,0.2710960638047984,-0.3978467649750876,0.2197322368851534,0.0624458579959171,-0.211272690942069,-5.987965554827317,-13.568624792647586,7.580659237820265,0.0,0.23,2.01,8.73,442.01,0.23,164.18,3,1,0.04720843461965871,0.8845133803651579,0.34156794393701145,0.4138550429599216,Rayalacheruvu,0.93973917,0.6767971053250994,AMBER
Rayalacheruvu_Tirupati_0008,Rayalacheruvu_Tirupati,piping_saturation,Tirupati,13.440000169095478,79.8938546890362,200.0,0.6880456375364811,0.322917884609857,-0.5500256934570409,7.722358481310711,131.23050132443845,2.192062321968339,0.5444259301432872,0.2922839837078365,-0.442709620740129,0.1436197073931938,0.0306339009020205,-0.1073160727169119,-6.538913933651624,-13.90292386452086,7.364009930869246,0.0,0.23,2.01,8.73,442.73,0.23,164.53000000000003,3,1,0.0743895907558173,0.8400829495226384,0.35850967318689797,0.41341228693197485,Rayalacheruvu,0.93973917,0.6765757273111259,AMBER
Rayalacheruvu_Tirupati_0009,Rayalacheruvu_Tirupati,piping_saturation,Tirupati,13.44000013403361,79.89570198557742,200.0,0.6991896830926476,0.326250113467854,-0.5534341098659301,3.327888153053716,151.63463330880552,3.0427549577758266,0.6347661435813309,0.2984863881900038,-0.5149606835422582,0.0644235395113167,0.0277637252778502,-0.0384734263236719,-7.109699966587438,-13.93000948023563,6.820309513648203,0.0,0.23,2.01,8.73,443.27,0.23,164.79999999999995,3,1,0.09238962531242607,0.840393035091638,0.4234434885017032,0.43695428453246954,Rayalacheruvu,0.93973917,0.6883467261113734,AMBER
Rayalacheruvu_Tirupati_0010,Rayalacheruvu_Tirupati,piping_saturation,Tirupati,13.440000085416871,79.89754928321094,200.0,0.7180683468036793,0.3278246292900343,-0.5638533794313095,2.215245756891985,172.9871480427744,3.445953578575184,0.682096895242073,0.3122939913861014,-0.5403596949823152,0.0359714515616063,0.0155306379039328,-0.0234936844489943,-7.614710361731469,-14.057366920554974,6.442656558823503,0.0,0.23,2.01,8.73,443.98,0.23,165.14000000000004,3,1,0.09630632354411627,0.8288113902633848,0.46711006989554005,0.44538403348371614,Rayalacheruvu,0.93973917,0.6925616005869966,AMBER
Rayalacheruvu_Tirupati_0011,Rayalacheruvu_Tirupati,piping_saturation,Tirupati,13.440156752868182,79.89923646614702,200.0,0.7033806646610482,0.3011497820867251,-0.5566353268242492,2.2141665849112138,142.72451682527222,3.4524628587609247,0.6915042420348784,0.2868376541139097,-0.5618964672560908,0.0118764226261698,0.0143121279728154,0.0052611404318415,-7.384378242920507,-13.987106570374715,6.602728327454202,0.0,0.23,2.01,8.73,444.33,0.23,165.31,3,1,0.1038247422662516,0.8049290634183955,0.4769919218782085,0.4425030495724912,Rayalacheruvu,0.93973917,0.6911211086313842,AMBER
Rayalacheruvu_Tirupati_0012,Rayalacheruvu_Tirupati,piping_saturation,Tirupati,13.441217529398877,79.90000000380736,200.0,0.6954784570855526,0.2908118270558437,-0.5514535892998811,2.218809792474121,145.7527841828975,3.4383516675701755,0.6864176175947159,0.2701707897527538,-0.5586230860371456,0.0090608394908366,0.0206410373030899,0.0071694967372645,-7.585429062650077,-13.786026544018736,6.200597481368661,0.0,0.23,2.01,8.73,444.56,0.23,165.39999999999998,3,1,0.10432371319842235,0.8052342917040457,0.47632120704089465,0.44264178913600855,Rayalacheruvu,0.93973917,0.6911904784131429,AMBER
Rayalacheruvu_Tirupati_0013,Rayalacheruvu_Tirupati,piping_saturation,Tirupati,13.443025693066398,79.9000000085509,200.0,0.7242275057345948,0.3209771222527972,-0.5685619858373333,2.1586047880690744,150.10002943485082,3.521555344925145,0.7168159752066733,0.3049315023070985,-0.5768209405804073,0.0074115305279215,0.0160456199456986,0.008258954743074,-7.454934398072963,-13.805845051038476,6.350910652965502,0.0,0.23,2.01,8.73,444.7,0.23,165.39,3,1,0.10460856979211758,0.8283512442492366,0.48659112056128484,0.453414143544401,Rayalacheruvu,0.93973917,0.6965766556173391,AMBER
Rayalacheruvu_Tirupati_0014,Rayalacheruvu_Tirupati,piping_saturation,Tirupati,13.444833856479535,79.9000000122058,200.0,0.731631183555221,0.3338508616536397,-0.5727534382626254,3.0016193139997056,154.6124932528583,3.1893775006471428,0.7289551782673481,0.3191672550448476,-0.5895783455262911,0.0026760052878729,0.014683606608792,0.0168249072636657,-7.408369088334624,-14.031403263692274,6.6230341753576525,0.0,0.23,2.01,8.73,444.97,0.23,165.46000000000004,3,1,0.10684827801745479,0.8347540603958282,0.4599796231108281,0.44989813812322876,Rayalacheruvu,0.93973917,0.6948186529067529,AMBER
Rayalacheruvu_Tirupati_0015,Rayalacheruvu_Tirupati,piping_saturation,Tirupati,13.446642019638244,79.90000001477203,200.0,0.7535990379144074,0.366283400404132,-0.5931172710234938,6.089834167402611,181.9094789520165,2.534687424718051,0.7511116476517419,0.3484470783258389,-0.6062606675890316,0.0024873902626655,0.017836322078293,0.0131433965655378,-7.831208794207377,-14.41214029753016,6.580931503322791,0.0,0.23,2.01,8.73,445.07,0.23,165.42000000000002,3,1,0.10588568690193757,0.8600281662245663,0.4280724441086349,0.4503822439665319,Rayalacheruvu,0.93973917,0.6950607058284045,AMBER
Rayalacheruvu_Tirupati_0016,Rayalacheruvu_Tirupati,piping_saturation,Tirupati,13.448450182542496,79.90000001624959,200.0,0.7388801186592796,0.3474339149711991,-0.5976692668576105,8.672356288012562,208.86467529919568,2.0022926002742483,0.7321474354627188,0.3264697506738366,-0.5983275516692435,0.0067326831965608,0.0209641642973624,0.0006582848116329,-7.876269703045237,-14.899213454523132,7.022943751477883,0.0,0.23,2.01,8.73,445.32,0.23,165.32999999999998,3,1,0.10262125046918186,0.8364946254428427,0.40166697470760626,0.43423836276956923,Rayalacheruvu,0.93973917,0.6869887652299231,AMBER
Rayalacheruvu_Tirupati_0017,Rayalacheruvu_Tirupati,piping_saturation,Tirupati,13.450258345192257,79.90000001663847,200.0,0.7244065956380673,0.3209879197773354,-0.5967513696687333,10.74321605574366,181.32783747975853,1.7429705866022878,0.7078255852104864,0.3021407300890805,-0.5818919925652393,0.0165810104275808,0.0188471896882548,-0.014859377103494,-7.634260492500427,-14.483149604853311,6.84888911235289,0.0,0.23,2.01,8.73,445.55,0.23,165.32,3,1,0.09856390425511356,0.8185414076258108,0.39954296098579456,0.42580079461752784,Rayalacheruvu,0.93973917,0.6827699811539025,AMBER
Rayalacheruvu_Tirupati_0018,Rayalacheruvu_Tirupati,piping_saturation,Tirupati,13.452066507587492,79.90000001593866,200.0,0.7622689297486273,0.3432650695164697,-0.6385503479278078,10.937822054276882,163.31093880355303,1.7579070225755749,0.7046661427266313,0.3140158927089233,-0.5741117347860091,0.0576027870219959,0.0292491768075464,-0.0644386131417987,-7.176340971167394,-14.0240977126059,6.847756741438507,0.0,0.23,2.01,8.73,445.73,0.23,165.3,3,1,0.08560060303508116,0.857242394227002,0.38929333210138406,0.43159841221882916,Rayalacheruvu,0.93973917,0.6856687899545532,AMBER
Rayalacheruvu_Tirupati_0019,Rayalacheruvu_Tirupati,piping_saturation,Tirupati,13.453874669728172,79.90000001415011,200.0,0.7693010360524365,0.3534829126220019,-0.6282188463830493,11.732084171285628,77.5380389463874,1.7834785537017477,0.5819555333395267,0.2922467243555393,-0.4614301589067456,0.1873455027129098,0.0612361882664626,-0.1667886874763036,-7.294829044672041,-14.093384480658,6.798555435985957,0.0,0.23,2.01,8.73,445.92,0.23,165.28000000000003,3,1,0.058839504044652616,0.8943840792147679,0.357104424522216,0.42584633547358386,Rayalacheruvu,0.93973917,0.6827927515819305,AMBER
Rayalacheruvu_Tirupati_0020,Rayalacheruvu_Tirupati,piping_saturation,Tirupati,13.455682831614263,79.90000001127285,200.0,0.7961829723961499,0.374276027146497,-0.6534955581513361,12.23925838728664,151.90160878948404,1.6444638229487305,0.5769055322721246,0.2927387954362508,-0.4700519327346878,0.2192774401240252,0.0815372317102461,-0.1834436254166482,-7.34873693014836,-14.144196581190933,6.795459651042588,0.0,0.23,2.01,8.73,446.21,0.23,165.34999999999997,3,1,0.054484798434529316,0.9310201763876439,0.33580235532039493,0.43160156993958587,Rayalacheruvu,0.93973917,0.6856703688149315,AMBER
Rayalacheruvu_Tirupati_0021,Rayalacheruvu_Tirupati,piping_saturation,Tirupati,13.45749099324573,79.90000000730683,200.0,0.7470086774243486,0.3187624086046018,-0.6305497345867157,10.750098154691797,171.1738319591676,1.7932375530306657,0.6770216131679911,0.2975127060344092,-0.5624770110977562,0.0699870642563574,0.0212497025701925,-0.0680727234889595,-7.5717258297926335,-14.541988792496682,6.970262962704051,0.0,0.23,2.01,8.73,446.4,0.23,165.32,3,1,0.08465040551568645,0.818166644682341,0.3860052393056381,0.41671979767150347,Rayalacheruvu,0.93973917,0.6782294826808903,AMBER
Rayalacheruvu_Tirupati_0022,Rayalacheruvu_Tirupati,piping_saturation,Tirupati,13.459197541142954,79.89989617712934,200.0,0.7599244019205205,0.3187883655692464,-0.6377593391156219,11.474592897783005,109.03315675887772,1.743150449825612,0.6734292241061939,0.2673429193602092,-0.5557541963932342,0.0864951778143265,0.0514454462090372,-0.0820051427223876,-6.288321469678063,-12.924150151544683,6.635828681866617,0.0,0.23,2.01,8.73,446.81,0.23,165.3,3,1,0.08100754689827729,0.8768283402591445,0.38555431691133923,0.4356815170778463,Rayalacheruvu,0.93973917,0.6877103423840617,AMBER
Rayalacheruvu_Tirupati_0023,Rayalacheruvu_Tirupati,piping_saturation,Tirupati,13.46000004245571,79.89886862217622,200.0,0.7554277838996448,0.3170392427883884,-0.6383090546894745,13.105513587756304,112.65495928578436,1.5545822365830897,0.6405148149078549,0.2600522115846171,-0.5308603983450918,0.1149129689917899,0.0569870312037713,-0.1074486563443827,-5.835593671259224,-12.63978581501628,6.804192143757056,0.0,0.23,2.01,8.73,446.72,0.23,165.21000000000004,3,1,0.0743549246004449,0.8856333116002779,0.37811439251442025,0.43424222702888027,Rayalacheruvu,0.93973917,0.6869906973595787,AMBER
Rayalacheruvu_Tirupati_0024,Rayalacheruvu_Tirupati,piping_saturation,Tirupati,13.460000100837814,79.89702117046504,200.0,0.6993110326567917,0.2811486400044698,-0.604280839077084,16.817776033747,197.17010840241332,1.306138297061751,0.5460747922504979,0.2430728619428903,-0.4540342463707024,0.1532362404062938,0.0380757780615794,-0.1502465927063815,-6.780139268288308,-14.00628632135744,7.226147053069128,0.0,0.23,2.01,8.73,446.13,0.23,164.95,3,1,0.06316470496439143,0.8091145437934295,0.39426132970793765,0.4070213047404413,Rayalacheruvu,0.93973917,0.6733802362153591,AMBER
Rayalacheruvu_Tirupati_0025,Rayalacheruvu_Tirupati,piping_saturation,Tirupati,13.46000014564414,79.89517371984472,200.0,0.7322453322555795,0.3154306598337572,-0.6158976057735226,15.243646354626634,178.8107153370621,1.429283834359358,0.4014205063360838,0.2386746537332374,-0.3224246794108085,0.3308248259194957,0.0767560061005197,-0.2934729263627141,-7.398082541081161,-14.535909688363809,7.137827147282649,0.0,0.23,2.01,8.73,445.69,0.23,164.76,3,1,0.025715840193796,0.865048213094467,0.3167615743551505,0.39224360424936944,Rayalacheruvu,0.93973917,0.6659913859698232,AMBER
Rayalacheruvu_Tirupati_0026,Rayalacheruvu_Tirupati,piping_saturation,Tirupati,13.46000017687471,79.89332627031727,200.0,0.7543078414105967,0.330492766980726,-0.629858687008942,15.40189345629354,183.21269498675565,1.386223245167728,0.3169664627118607,0.2176383622795688,-0.2522530280462473,0.4373413786987359,0.1128544047011571,-0.3776056589626947,-8.095239340140195,-14.77913304713244,6.68389370699224,0.0,0.23,2.01,8.73,445.12,0.23,164.5,3,1,0.003717962809897505,0.9064702408386929,0.2738264245806024,0.3872083755626521,Rayalacheruvu,0.93973917,0.6634737716264646,AMBER
Rayalacheruvu_Tirupati_0027,Rayalacheruvu_Tirupati,piping_saturation,Tirupati,13.460000194529544,79.89147882188476,200.0,0.7700109247496257,0.3469602930078425,-0.6357059356186465,16.865067686874625,205.53825779870516,1.2607559280654943,0.3738271106350392,0.2467910935944027,-0.3020694603975277,0.3961838141145865,0.1001691994134397,-0.3336364752211188,-7.533667687033865,-14.10230255554418,6.568634868510316,0.0,0.23,2.01,8.73,444.51,0.23,164.25,3,1,0.015214424207580833,0.922539199441177,0.29783046893873494,0.403432106722128,Rayalacheruvu,0.93973917,0.6715856372062026,AMBER
Rayalacheruvu_Tirupati_0028,Rayalacheruvu_Tirupati,piping_saturation,Tirupati,13.46000019860865,79.88963137454921,200.0,0.770857729948269,0.3560165380756743,-0.630835987085373,16.00078489085112,211.47637969094927,1.380384277942403,0.6282397011805886,0.2803165075934622,-0.5252386511265138,0.1426180287676803,0.0757000304822121,-0.1055973359588592,-8.311562684705283,-15.156240982165809,6.844678297460519,0.0,0.23,2.01,8.73,444.02,0.23,164.06,3,1,0.074838982559583,0.8881054663835607,0.39403694179568133,0.43928174170699974,Rayalacheruvu,0.93973917,0.6895104546986384,AMBER
Rayalacheruvu_Tirupati_0029,Rayalacheruvu_Tirupati,piping_saturation,Tirupati,13.46000018911204,79.88778392831267,200.0,0.7597043072847788,0.3495168932071678,-0.6185623008502208,12.041251778093889,128.01240986903423,1.6603497804011018,0.7357236834377878,0.2954853880305804,-0.60104451103406,0.0239806238469909,0.0540315051765873,-0.0175177898161608,-7.632135771691722,-14.448925952969676,6.816790181277945,0.0,0.23,2.01,8.73,443.4,0.23,163.79999999999995,3,1,0.09786881882187215,0.8756223155117029,0.4079913203635682,0.44761316804873685,Rayalacheruvu,0.93973917,0.6936761678695069,AMBER
Rayalacheruvu_Tirupati_0030,Rayalacheruvu_Tirupati,piping_saturation,Tirupati,13.46000016603974,79.88593648317715,200.0,0.7614872581428979,0.3565153434460644,-0.6258120121946862,13.057585716387894,117.8406827880512,1.63144777087192,0.7071830632527284,0.3146097253031726,-0.5734779723305948,0.0543041948901694,0.0419056181428918,-0.0523340398640913,-7.210317192353451,-14.16231699963829,6.951999807284828,0.0,0.23,2.01,8.73,442.76,0.23,163.53999999999996,3,1,0.08876554146651733,0.8760543936123292,0.4099624413231144,0.4446158646817007,Rayalacheruvu,0.93973917,0.6921775161859889,AMBER
Rayalacheruvu_Tirupati_0031,Rayalacheruvu_Tirupati,piping_saturation,Tirupati,13.460000129391764,79.8840890391447,200.0,0.75233505564358,0.3417101947411521,-0.6188199291731301,15.80154019718448,146.5487810859862,1.3533987854309713,0.70937390009294,0.299046412893544,-0.5892348196160014,0.04296115555064,0.0426637818476081,-0.0295851095571286,-7.10676306119192,-13.82004566551606,6.713282604324144,0.0,0.23,2.01,8.73,441.92,0.23,163.2,3,1,0.09471362093621392,0.8691666407125386,0.4247265436094602,0.44827540852623915,Rayalacheruvu,0.93973917,0.6940072881082582,AMBER
Rayalacheruvu_Tirupati_0032,Rayalacheruvu_Tirupati,piping_saturation,Tirupati,13.460000079168122,79.88224159621734,200.0,0.7301321899986647,0.3354505945264918,-0.5959438788998113,19.092023937996675,63.817521828706006,1.106400589647315,0.6246329773505788,0.2576377393539644,-0.5237174263977681,0.1054992126480859,0.0778128551725274,-0.0722264525020431,-6.247837860995102,-13.079287380708063,6.831449519712964,0.0,0.23,2.01,8.73,441.3,0.23,162.93,3,1,0.08356434520726642,0.9090484083179339,0.4248579092665327,0.4578071583108166,Rayalacheruvu,0.93973917,0.6987731630005468,AMBER
Rayalacheruvu_Tirupati_0033,Rayalacheruvu_Tirupati,piping_saturation,Tirupati,13.459740873643648,79.88065893767205,200.0,0.7036887358442614,0.3274073541785931,-0.5777631369931215,15.784018444030217,145.30462081820858,1.448864024722753,0.6016746988370666,0.2500221495229741,-0.513033817066783,0.1020140370071948,0.077385204655619,-0.0647293199263385,-7.411328725782014,-14.265534022632078,6.85420529685006,0.0,0.23,2.01,8.73,440.62,0.23,162.66000000000005,3,1,0.08552459299709297,0.8781158479503977,0.4144454611347789,0.4451617492651711,Rayalacheruvu,0.93973917,0.6924504584777241,AMBER
Rayalacheruvu_Tirupati_0034,Rayalacheruvu_Tirupati,piping_saturation,Tirupati,13.458577621876858,79.88000000447967,200.0,0.6982366659613277,0.3292938585378051,-0.5703744354954964,15.38162994946274,218.69898434816747,1.412692987571332,0.6641415870173918,0.2755686707463515,-0.5573056390964914,0.0340950789439359,0.0537251877914536,-0.0130687963990049,-8.562930262666594,-15.250415296886564,6.687485034219983,0.0,0.23,2.01,8.73,439.87,0.23,162.44,3,1,0.0990320808323633,0.8390009137878425,0.4286017338404967,0.4404135856188144,Rayalacheruvu,0.93973917,0.6900763766545457,AMBER
Rayalacheruvu_Tirupati_0035,Rayalacheruvu_Tirupati,piping_saturation,Tirupati,13.456769472038784,79.88000000918399,200.0,0.6758769350460093,0.3204150126595429,-0.5527088871987689,14.528448106729446,219.48199921522465,1.386396583899178,0.5779227773350644,0.2421746747133437,-0.4937205582250025,0.0979541577109449,0.0782403379461992,-0.0589883289737663,-8.520248296572055,-15.09868909256955,6.578440795997489,0.0,0.23,2.01,8.73,439.54,0.23,162.41000000000005,3,1,0.08702566887010917,0.8557803032088702,0.38686334110887954,0.4310492089483681,Rayalacheruvu,0.93973917,0.6853941883193226,AMBER
Rayalacheruvu_Tirupati_0036,Rayalacheruvu_Tirupati,piping_saturation,Tirupati,13.45496132194624,79.88000001277976,200.0,0.642858217723582,0.2972022710981325,-0.5289559528802905,13.152774370799191,159.20281607221705,1.5803136621718032,0.68664236384877,0.2839839610512157,-0.5787289006960143,-0.0437841461251879,0.0132183100469168,0.0497729478157238,-8.2645236031358,-14.767215983938398,6.50269238080259,0.0,0.23,2.01,8.73,439.47,0.23,162.40000000000003,3,1,0.11546308147985959,0.7819239214041349,0.44191681762961854,0.4303378094907957,Rayalacheruvu,0.93973917,0.6850384885905364,AMBER
Rayalacheruvu_Tirupati_0037,Rayalacheruvu_Tirupati,piping_saturation,Tirupati,13.45315317159927,79.880000015267,200.0,0.6393713934680162,0.3046601649995413,-0.5249404037853537,14.36132103248601,119.7061046226322,1.5054174805491212,0.6352863008062778,0.2790560921655325,-0.5273710069049969,0.0040850926617383,0.0256040728340087,0.0024306031196432,-7.98550124210473,-14.378730033944928,6.393228791840207,0.0,0.23,2.01,8.73,439.25,0.23,162.33999999999995,3,1,0.10308465204452615,0.8072461090770123,0.4346237441747998,0.43242593503846466,Rayalacheruvu,0.93973917,0.6860825513643709,AMBER
Rayalacheruvu_Tirupati_0038,Rayalacheruvu_Tirupati,piping_saturation,Tirupati,13.451345020997904,79.88000001664574,200.0,0.6429260296878558,0.292683796211474,-0.5483078389386634,13.864662022956928,248.38977729814573,1.4674900888326956,0.5957921815505227,0.2513964241769827,-0.5041504254825225,0.0471338481373331,0.0412873720344912,-0.0441574134561408,-9.192868330908658,-15.792287569510233,6.599419238601583,0.0,0.23,2.01,8.73,438.85,0.23,162.18,3,1,0.09090345401942643,0.7831727736334392,0.4052179660214852,0.4117763438848456,Rayalacheruvu,0.93973917,0.6757577557875614,AMBER
Rayalacheruvu_Tirupati_0039,Rayalacheruvu_Tirupati,piping_saturation,Tirupati,13.449536870142172,79.88000001691596,200.0,0.6831814231417017,0.3258594914206288,-0.5608821803112458,13.11588088112643,216.2626208114605,1.5385900936488657,0.6873035195435694,0.3023466107469958,-0.5715661260972703,-0.0041220964018676,0.0235128806736329,0.0106839457860244,-8.01956139821776,-14.666137606407853,6.646576208190094,0.0,0.23,2.01,8.73,438.5,0.23,162.07999999999998,3,1,0.10524262331648734,0.8186822684477659,0.42102726276794006,0.433892658975298,Rayalacheruvu,0.93973917,0.6868159133327876,AMBER
Rayalacheruvu_Tirupati_0040,Rayalacheruvu_Tirupati,piping_saturation,Tirupati,13.447728719032112,79.88000001607772,200.0,0.6743260398973966,0.342150853965959,-0.5452142983624576,11.497006869479884,276.4320902845927,1.7376119550239308,0.6721979466042733,0.3116966839894156,-0.5506590778583793,0.0021280932931232,0.0304541699765434,0.0054447794959217,-9.102256645396832,-15.1926827695211,6.0904261241242645,0.0,0.23,2.01,8.73,437.9,0.23,161.92999999999995,3,1,0.10387275769959949,0.8293510005546331,0.4169651021865921,0.4360632288206094,Rayalacheruvu,0.93973917,0.6879011982554433,AMBER
Rayalacheruvu_Tirupati_0041,Rayalacheruvu_Tirupati,piping_saturation,Tirupati,13.445920567667756,79.88000001413101,200.0,0.7216906231124463,0.3382227627343008,-0.588850971675686,13.23600686779495,248.64096149129264,1.4763597717016337,0.6060791513058957,0.2957321473638861,-0.4974653729610191,0.1156114718065505,0.0424906153704147,-0.0913855987146668,-9.661409595964429,-15.762337664949191,6.100928068984773,0.0,0.23,2.01,8.73,437.47,0.23,161.89000000000004,3,1,0.07855487343402252,0.8254600802068119,0.3700220003507574,0.4128384775336825,Rayalacheruvu,0.93973917,0.6762888226119799,AMBER
Rayalacheruvu_Tirupati_0042,Rayalacheruvu_Tirupati,piping_saturation,Tirupati,13.444112416049135,79.88000001107586,200.0,0.6482165634987402,0.2594562345461887,-0.5414944114240297,7.637870983566344,227.68108903605597,2.159806756980408,0.5728823124806074,0.2271174086065459,-0.4804211514272741,0.0753342510181328,0.0323388259396428,-0.0610732599967555,-8.88631791816714,-14.858177095675604,5.971859177508464,0.0,0.23,2.01,8.73,437.49,0.23,161.93,3,1,0.08648052959339426,0.761612155651989,0.3786492766023236,0.3958187854661348,Rayalacheruvu,0.93973917,0.667778976578206,AMBER
Rayalacheruvu_Tirupati_0043,Rayalacheruvu_Tirupati,piping_saturation,Tirupati,13.44230426417628,79.88000000691228,200.0,0.3866162503223905,0.0858036997118589,-0.3992080869159845,3.2852796859666347,231.6754170755644,2.9278743053012564,0.287973316359938,0.0468327077832107,-0.2831828405642717,0.0986429339624525,0.0389709919286481,-0.1160252463517128,-9.15326765128319,-16.407649781468642,7.254382130185453,0.0017444015612393,0.23,2.01,8.73,437.4,0.23,161.90999999999997,3,1,0.07257523747230865,0.5792294552292291,0.39513167305379804,0.3305433225826031,Rayalacheruvu,0.93973917,0.6351412451364401,AMBER
Rayalacheruvu_Tirupati_0044,Rayalacheruvu_Tirupati,piping_saturation,Tirupati,13.440700094091314,79.88000000229049,154.87502930430492,0.2180049133568361,-0.0087807687702103,-0.2817159327341945,2.631385249521566,235.8821335688699,3.1751357940767995,0.1794274645797066,0.0184610135504269,-0.1953280775688987,0.0385774487771295,-0.0272417823206372,-0.0863878551652958,-9.775617320526912,-17.13693338059931,7.361316060072403,0.011269509111518,0.23,2.01,8.73,437.2,0.23,161.82999999999998,3,1,0.08285149799520883,0.41868071230536447,0.43842317773555384,0.2892846429388496,Rayalacheruvu,0.93973917,0.6145119053145633,AMBER
control_Krishna_001,control_Krishna,none,Krishna Right Flood Bank,15.7942237391231,80.84481558580396,200.0,0.3881813687036692,0.2010671233024227,-0.3731170714956106,1.2448553678897298,96.59202096680252,4.228091835597787,,,,0.0,0.0,0.0,-10.162843284037637,-17.527653045971583,7.364809761933949,0.0766543007505823,0.0,0.11,13.2,125.04,0.0,0.0,0,0,0.11923653164859688,0.40462429883614426,0.5645527174257069,0.33045129660851597,Budameru,0.06542856,0.19793992953542291,GREEN
control_Krishna_024,control_Krishna,none,Krishna Right Flood Bank,15.831280341896717,80.8608955620597,200.0,0.2017671130616525,0.1326557208868636,-0.1490913261458669,2.248726284632927,111.22004949294,4.185761021405812,,,,0.0,0.0,0.0,-11.898597985746736,-20.29839726491051,8.399799279163767,0.2900150959672201,0.0,0.11,13.2,127.78,0.0,0.0,0,0,0.17584270491960552,0.29102989593423706,0.5760030869776522,0.3161983172892382,Budameru,0.06542856,0.19081343987578403,GREEN
control_Krishna_047,control_Krishna,none,Krishna Right Flood Bank,15.867784014263448,80.88087778687363,200.0,0.3255445334998577,0.1421493660508518,-0.2826834057201738,2.068814908279142,160.53688246141897,3.572890764965376,,,,0.0,0.0,0.0,-11.545053834022609,-19.2944537843226,7.749399950299988,0.237977140392495,0.0,0.0,0.0,130.86,0.0,0.0,0,0,0.16186823731351457,0.3211245255258944,0.4944483455943369,0.30075296525805306,Budameru,0.060852263,0.18080261419042504,GREEN
control_Krishna_070,control_Krishna,none,Krishna Right Flood Bank,15.90768519632995,80.889885477194,200.0,0.4940531519018944,0.1994197182103244,-0.4588316032542857,1.621137895911141,154.95013823543678,3.9052785875345095,,,,0.0,0.0,0.0,-8.735019059065651,-16.027429248529174,7.292410189463525,0.0109946966757211,0.0,0.0,10.14,143.65,0.0,0.0,0,0,0.10164814146384021,0.445135063781067,0.52951390493885,0.328835005143622,Budameru,0.060852263,0.19484363413320951,GREEN
control_Krishna_093,control_Krishna,none,Krishna Right Flood Bank,15.945933273977534,80.88586570273601,200.0,0.5208311615890528,0.2119724324513471,-0.4891178141409865,1.678306416412047,142.24021533537027,3.719713411228679,,,,0.0,0.0,0.0,-8.843795196496718,-16.281978062277094,7.438182865780375,0.0,0.0,0.0,10.14,152.89,0.0,0.0,0,0,0.09873116834112512,0.4583324620131343,0.5066973546073033,0.3265831676928729,Budameru,0.060852263,0.19371771540783495,GREEN
control_Krishna_116,control_Krishna,none,Krishna Right Flood Bank,15.987002565348872,80.88521114788661,200.0,0.4783226338876026,0.1178731975834691,-0.4490909273056525,2.1296143584768368,192.1029347562455,3.442527447548567,,,,0.0,0.0,0.0,-9.817233000939368,-16.596883022336986,6.779650021397622,0.0,0.0,0.0,10.14,145.27,0.0,0.0,0,0,0.09873116834112512,0.3608812908789462,0.4787661561584749,0.28549245818369995,Budameru,0.060852263,0.17317236065324848,GREEN
control_Krishna_139,control_Krishna,none,Krishna Right Flood Bank,16.025213482894518,80.87066504127984,200.0,0.4414454774634682,0.1804619445399138,-0.432645432550462,1.7960440199738208,146.3540505163136,3.637626753791962,,,,0.0,0.0,0.0,-9.931706347453988,-17.002861356984905,7.071155009530914,0.0,0.0,0.0,9.77,137.56,0.0,0.0,0,0,0.09873116834112512,0.404788499274521,0.4981582229255575,0.3057079978139218,Budameru,0.060852263,0.1832801304683594,GREEN
control_Krishna_162,control_Krishna,none,Krishna Right Flood Bank,16.063089482028495,80.86613543005878,200.0,0.664955434938573,0.2791853283864149,-0.599199576665439,1.84011825142968,188.9618590675584,3.636141176450654,,,,0.0,0.0,0.0,-9.256150067187647,-15.23944109356251,5.983291026374853,0.0054922569945508,0.0,0.0,9.77,131.89,0.0,0.0,0,0,0.10018830413201295,0.5247012222019847,0.49870872838105434,0.34839793151876336,Budameru,0.060852263,0.20462509732078019,GREEN
control_Krishna_185,control_Krishna,none,Krishna Right Flood Bank,16.085123102042317,80.83323323372049,200.0,0.6252440974601812,0.2379687305738941,-0.5620830073608145,1.7838204643497646,151.44050215694827,3.758010763202197,,,,0.0,0.0,0.0,-8.73746481923214,-15.633333533257138,6.895868714025001,0.0,0.0,0.0,9.77,126.24,0.0,0.0,0,0,0.09873116834112512,0.4754642725065821,0.5133782381522434,0.3342495222518146,Budameru,0.060852263,0.1975508926873058,GREEN
control_Krishna_208,control_Krishna,none,Krishna Right Flood Bank,16.117866359167277,80.81644451524971,200.0,0.4723476953596905,0.1681935276719271,-0.452964125199875,2.20911865884975,139.67256165511893,3.435609954602399,,,,0.0,0.0,0.0,-7.624960495978799,-15.891162184270048,8.266201688291245,0.0,0.0,0.0,9.77,119.21,0.0,0.0,0,0,0.09873116834112512,0.40175222508801056,0.4792161972800213,0.29990979543725904,Budameru,0.060852263,0.18038102928002803,GREEN
control_Krishna_231,control_Krishna,none,Krishna Right Flood Bank,16.157635806587106,80.8181500759557,200.0,0.4357930819608221,0.1608545952991734,-0.4333622614656726,2.2360693865684667,131.61905223374356,3.416200651709241,,,,0.0,0.0,0.0,-7.666503878307799,-15.723790201310877,8.057286323003073,0.0,0.0,0.0,11.77,115.58,0.0,0.0,0,0,0.09873116834112512,0.39565755584557927,0.4771821985129279,0.29726816151063473,Budameru,0.060852263,0.17906021231671587,GREEN
control_Krishna_254,control_Krishna,none,Krishna Right Flood Bank,16.19179634020383,80.79925246199453,200.0,0.3893522205515757,0.1379547309964264,-0.4104828649444468,1.6536207314119638,119.7812545410511,3.895545171423111,,,,0.0,0.0,0.0,-9.220770452671138,-16.702398746333042,7.481628293661906,0.0,0.0,0.0,11.77,111.44,0.0,0.0,0,0,0.09873116834112512,0.353041377803902,0.5288127237614446,0.2952601305081769,Budameru,0.060852263,0.17805619681548696,GREEN
control_Krishna_277,control_Krishna,none,Krishna Right Flood Bank,16.229390104502883,80.78671715399464,200.0,0.5499991790788202,0.2546294220447214,-0.5133874464889933,1.8688072061601049,140.1803961450918,3.5712658901939625,,,,0.0,0.0,0.0,-7.76336547267976,-14.470185472421742,6.706819999741988,0.0,0.0,0.0,11.77,110.54,0.0,0.0,0,0,0.09873116834112512,0.5017387397344379,0.49087813389785445,0.33782055971796693,Budameru,0.060852263,0.19933641142038197,GREEN
control_Krishna_300,control_Krishna,none,Krishna Right Flood Bank,16.267747188081213,80.78106485882716,200.0,0.4597471948512923,0.1966795701063438,-0.435809144252293,2.0387968613775063,166.29264748619596,3.562494397136571,,,,0.0,0.0,0.0,-8.161778273197669,-15.08500792988254,6.923229656684868,0.0,0.0,0.0,11.77,114.04,0.0,0.0,0,0,0.09873116834112512,0.4395198366446564,0.49261161500580664,0.31647731391353146,Budameru,0.060852263,0.18866478851816423,GREEN
control_Krishna_323,control_Krishna,none,Krishna Right Flood Bank,16.301498970686612,80.75641254249747,200.0,0.266210643555773,0.2381651549726154,-0.2099287338575275,1.2952256440054235,148.5968913422429,4.123239533443999,,,,0.0,0.0,0.0,-7.891024166317096,-14.618307396085513,6.727283229768402,0.0,0.0,0.0,11.77,119.23,0.0,0.0,0,0,0.09873116834112512,0.4900677991810996,0.5519640909837511,0.3490072197957727,Budameru,0.060852263,0.20492974145928486,GREEN
control_Krishna_346,control_Krishna,none,Krishna Right Flood Bank,16.328325500336124,80.72581002509787,200.0,0.1748527660669139,0.2503554992430922,-0.1310800569848591,1.7500847252481244,161.74233841684827,3.69053364274721,,,,0.0,0.0,0.0,-8.03331266255274,-15.421242580189364,7.387929917636637,0.0054868208714362,0.0,0.0,11.77,122.72,0.0,0.0,0,0,0.10018686188894935,0.48832773031928695,0.5041649349350852,0.3370306841011015,Budameru,0.060852263,0.19894147361194925,GREEN
control_Krishna_369,control_Krishna,none,Krishna Right Flood Bank,16.36670253419018,80.71457568577286,200.0,0.1827211712082894,0.1704191793486047,-0.1664320776682825,1.901229190863337,188.73412698412696,3.676441303067128,,,,0.0,0.0,0.0,-9.823578833033787,-17.003174332814915,7.17959549978111,0.0064742321259571,0.0,0.0,11.77,123.51,0.0,0.0,0,0,0.10044882928791035,0.3855689716360462,0.5048998496711229,0.30135363420556105,Budameru,0.060852263,0.18110294866417903,GREEN
control_Krishna_392,control_Krishna,none,Krishna Right Flood Bank,16.395631853563557,80.68674022056528,200.0,0.2648437723341186,0.2161366393090703,-0.2381439653917709,2.024972172482214,169.51289744954744,3.501654980613396,,,,0.0,0.0,0.0,-10.66636648607667,-18.08004199738978,7.413675511313109,0.0777304598442809,0.0,0.0,16.49,120.75,0.0,0.0,0,0,0.11935362559205981,0.4047533954529662,0.48458353102001533,0.3105510214003659,Budameru,0.060852263,0.18570164226158145,GREEN
control_Krishna_415,control_Krishna,none,Krishna Right Flood Bank,16.426381721537325,80.66024043742439,200.0,0.3880600819667522,0.1629184029139288,-0.3716310983934899,1.615198451113262,124.85997095837364,3.796369292141016,,,,0.0,0.0,0.0,-9.219790559256856,-16.200756712793986,6.980966153537128,0.0,0.0,0.0,16.49,115.27,0.0,0.0,0,0,0.09873116834112512,0.3881905636170825,0.5154589009427366,0.30422388983811305,Budameru,0.060852263,0.18253807648045503,GREEN
control_Krishna_438,control_Krishna,none,Krishna Right Flood Bank,16.463301406333088,80.64242040932336,200.0,0.4042908098314928,0.1529049969136768,-0.4172674209453527,1.2897309330236162,152.4133759194735,4.003133437711632,,,,0.0,0.0,0.0,-10.078155453365422,-17.830247003560338,7.752091550194914,0.0,0.0,0.0,16.49,112.63,0.0,0.0,0,0,0.09873116834112512,0.3459596557195666,0.5364818531757072,0.29469881013222515,Budameru,0.060852263,0.17777553662751108,GREEN
control_Godavari_001,control_Godavari,none,Goutami Left Bank,16.729298011924474,82.21252804844023,200.0,0.406328228194009,0.1398984721192223,-0.4066863030455275,2.1336908730733906,156.1681403101898,3.6258351334793377,,,,0.0,0.0,0.0,-8.105400167264316,-16.826468980046094,8.721068812781782,0.0054735124924873,0.0,0.0,25.08,96.87,0.0,0.0,0,0,0.10018333107906474,0.34203320318856356,0.5023229330703666,0.2853656868152148,Budameru,0.060852263,0.1731089749690059,GREEN
control_Godavari_016,control_Godavari,none,Goutami Left Bank,16.73055446684783,82.18497045281553,200.0,0.3409039752550381,0.2155271553382906,-0.3951465630635868,3.968413426708523,145.94397488529336,2.830570248743956,,,,0.0,0.0,0.0,-8.408316527344326,-15.421893221663169,7.013576694318855,0.0083499688754373,0.0,0.0,25.08,101.55,0.0,0.0,0,0,0.10094647591199639,0.44136850367097036,0.4312616992768602,0.3026729914688532,Budameru,0.060852263,0.1817626272958251,GREEN
control_Godavari_031,control_Godavari,none,Goutami Left Bank,16.72681700847165,82.157715709299,200.0,0.5381348739900391,0.349580764924175,-0.5253900293315977,2.480367061096353,156.5672542864042,3.4278898752939946,,,,0.0,0.0,0.0,-7.5964049379234,-15.053278115667377,7.456873177743975,0.0003006033538745,0.0,0.0,25.08,104.99,0.0,0.0,0,0,0.09881092060075646,0.5733681135521489,0.48278649966726517,0.360899832900371,Budameru,0.060852263,0.210876048011584,GREEN
control_Godavari_046,control_Godavari,none,Goutami Left Bank,16.72182262064891,82.13135009210684,200.0,0.2594437968410501,0.268125255091991,-0.2716437065020475,3.316905831763058,143.6024544619993,3.2697413202883974,,,,0.0,0.0,0.0,-12.91772686182862,-19.91384462782376,6.9961177659951375,0.2208770687101551,0.0,0.0,25.08,104.63,0.0,0.0,0,0,0.15733146372484116,0.4056322405220927,0.4765837342328518,0.32404980323088184,Budameru,0.060852263,0.19245103317683943,GREEN
control_Godavari_061,control_Godavari,none,Goutami Left Bank,16.731302292823777,82.1059661034874,200.0,0.3710364765314635,0.2329876722617324,-0.3698841586914096,1.874498816482296,145.28964784309937,3.553904465226078,,,,0.0,0.0,0.0,-10.228744196893649,-17.383218227437474,7.154474030543842,0.0244075218959299,0.0,0.0,21.16,106.05,0.0,0.0,0,0,0.10520666170509627,0.4229886930540731,0.4887491885659774,0.31231600439245844,Budameru,0.060852263,0.18658413375762772,GREEN
control_Godavari_076,control_Godavari,none,Goutami Left Bank,16.720871250989216,82.08326388111811,200.0,0.4496480538055445,0.2843182231649368,-0.4282848217542202,3.6956311618016624,202.66668277595207,3.005250933261813,,,,0.0,0.0,0.0,-9.04652959265179,-15.934569810482705,6.888040217830928,0.0199227136109918,0.0,0.0,21.16,105.28,0.0,0.0,0,0,0.10401680939597503,0.4970729457410944,0.4490592226431979,0.32784706042857253,Budameru,0.060852263,0.19434966177568477,GREEN
control_Godavari_091,control_Godavari,none,Goutami Left Bank,16.710085269877318,82.0603441169012,200.0,0.3864169506236998,0.2491475537873004,-0.3983561622071888,2.4622445528769505,155.91279771969656,3.530572764679262,,,,0.0,0.0,0.0,-9.67737335938926,-16.636916486677976,6.959543127288726,0.0862590994008889,0.0,0.0,21.16,104.62,0.0,0.0,0,0,0.12161633579623365,0.4510199058750208,0.4956392122268353,0.33041330443145955,Budameru,0.060852263,0.19563278377712828,GREEN
control_Godavari_106,control_Godavari,none,Goutami Left Bank,16.697589793091634,82.03860778503638,200.0,0.1036820016457617,0.1931078280808115,-0.1660860150169721,4.755859469385783,195.5328371913208,2.762465872853006,,,,0.0,0.0,0.0,-12.723780702293894,-20.364511846518383,7.640731144224483,0.3769214255045084,0.0,0.0,21.16,104.17,0.0,0.0,0,0,0.19873116834112514,0.3281322445151042,0.43577158631766477,0.3032816494961527,Budameru,0.060852263,0.18206695630947486,GREEN
control_Godavari_121,control_Godavari,none,Goutami Left Bank,16.715329409229174,82.0187442629642,200.0,0.3733196793558158,0.3056589188166695,-0.3591477980224227,3.0312515094430763,182.2584166545912,3.372835304586284,,,,0.0,0.0,0.0,-13.782130696892304,-19.722462893944023,5.940332197051716,0.3146585957455944,0.0,0.0,21.16,105.8,0.0,0.0,0,0,0.18221238603110512,0.44442659141024066,0.4849920763671414,0.34968228049781164,Budameru,0.060852263,0.20526727181030432,GREEN
control_Godavari_136,control_Godavari,none,Goutami Left Bank,16.722422036196622,81.99510220448687,200.0,0.4850888189200722,0.2988952191542813,-0.4619115214088205,3.376558724021266,165.8512808119864,3.286282865068286,,,,0.0,0.0,0.0,-10.070450045617475,-16.470852284338694,6.400402238721222,0.0642737538104847,0.0,0.0,21.16,106.63,0.0,0.0,0,0,0.11578346345129416,0.5010896363458418,0.47970602483373254,0.3416212643099954,Budameru,0.060852263,0.2012367637163962,GREEN
control_Godavari_151,control_Godavari,none,Goutami Left Bank,16.72583737963966,81.96825985582731,200.0,0.3225726793587612,0.2941271904653496,-0.337973725038791,3.864334718330273,143.2099236641222,3.25097986803038,,,,0.0,0.0,0.0,-12.216841572994166,-18.62199678198221,6.405155208988049,0.186932537723497,0.0,0.0,21.16,107.1,0.0,0.0,0,0,0.14832573237347968,0.45588650219858046,0.48338166810707306,0.3397359857456633,Budameru,0.060852263,0.20029412443423017,GREEN
control_Godavari_166,control_Godavari,none,Goutami Left Bank,16.735169306518998,81.94307505028848,200.0,0.4713955642510493,0.3070185295998451,-0.4441356841246467,2.382021929189006,140.59662850794567,3.393048916894281,,,,0.0,0.0,0.0,-10.039459140278332,-16.783821965552256,6.744362825273929,0.0465875179802056,0.0,0.0,21.16,107.04,0.0,0.0,0,0,0.11109117624405829,0.5028132206606326,0.47666900852807376,0.33958834986086317,Budameru,0.060852263,0.2002203064918301,GREEN
control_Godavari_181,control_Godavari,none,Goutami Left Bank,16.739838254406614,81.91724465828406,200.0,0.240473781015632,0.2026597686346465,-0.2975536354709143,3.906239427770528,183.99173553719004,3.348076204123817,,,,0.0,0.0,0.0,-11.860251884226852,-19.166807243867503,7.306555359640655,0.3149138060582641,0.0,0.0,21.16,106.76,0.0,0.0,0,0,0.1822800951862236,0.36163951691549984,0.49652756477185606,0.3236177601878784,Budameru,0.060852263,0.1922350116553377,GREEN
control_Godavari_196,control_Godavari,none,Goutami Left Bank,16.759372974619463,81.89950614877945,200.0,0.504745401952641,0.29085912189898,-0.4923036047365026,4.260640610657518,150.27465094932117,2.752675036165161,,,,0.0,0.0,0.0,-10.13014042671672,-16.966897777152234,6.836757350435504,0.042426713592858,0.0,0.0,21.16,106.43,0.0,0.0,0,0,0.10998728452928555,0.48410766399640803,0.426192704433675,0.3199807723188758,Budameru,0.060852263,0.1904165177208364,GREEN
control_Godavari_211,control_Godavari,none,Goutami Left Bank,16.776371105756652,81.87781040201192,200.0,0.5203897354397383,0.2999830100670838,-0.5150771976065648,2.980200888545491,137.28090593007536,3.228811423787795,,,,0.0,0.0,0.0,-9.470667790741524,-16.52273200238829,7.0520642116467664,0.0028756598995665,0.0,0.0,21.16,107.58,0.0,0.0,0,0,0.09949410186121288,0.5017690360635676,0.46567935012615874,0.33183664089827347,Budameru,0.060852263,0.19634445201053524,GREEN
control_Godavari_226,control_Godavari,none,Goutami Left Bank,16.795307841178552,81.85814848693379,200.0,0.5751794439041857,0.2999477353539992,-0.527753788066402,1.871891448162635,117.38852672750978,3.7086834232756,,,,0.0,0.0,0.0,-8.721050147870198,-15.74869315502995,7.027643007159744,0.0023820764839692,0.0,0.0,27.66,109.99,0.0,0.0,0,0,0.09936315058537691,0.5182770294830419,0.5085380658221348,0.3482767370087491,Budameru,0.060852263,0.20456450006577306,GREEN
control_Godavari_241,control_Godavari,none,Goutami Left Bank,16.820051340136303,81.84987415779467,200.0,0.6258283979294883,0.286433195838674,-0.5738146288684507,1.4891593027186252,160.41832053696464,3.828754010264507,,,,0.0,0.0,0.0,-9.192704015511271,-15.741362644423898,6.548658628912617,0.0,0.0,0.0,27.66,112.46,0.0,0.0,0,0,0.09873116834112512,0.5078336856075544,0.5174898974228216,0.3466067316547995,Budameru,0.060852263,0.20372949738879825,GREEN
control_Godavari_256,control_Godavari,none,Goutami Left Bank,16.843017670007566,81.83620506073474,200.0,0.3623810165208808,0.1821073471689345,-0.3710256727711213,1.8875688206317016,164.50589201197727,3.70221747225668,,,,0.0,0.0,0.0,-9.2048278400945,-15.996148096994064,6.79132025689958,0.0,0.0,0.0,27.66,114.19,0.0,0.0,0,0,0.09873116834112512,0.4088690983182404,0.5079730739079273,0.309589920224816,Budameru,0.060852263,0.18522109167380651,GREEN
control_Godavari_271,control_Godavari,none,Goutami Left Bank,16.86466625740915,81.81959525208444,200.0,0.4785441270788046,0.2477496734763315,-0.4668127355391309,1.8525294458389656,173.82776597798804,3.828743204321457,,,,0.0,0.0,0.0,-9.682919409753747,-16.27953601718682,6.596616607433065,0.0081321746593713,0.0,0.0,27.66,116.2,0.0,0.0,0,0,0.10088869351987727,0.4648573362363688,0.5235965429022366,0.33395468081623914,Budameru,0.060852263,0.19740347196951807,GREEN
control_Godavari_286,control_Godavari,none,Goutami Left Bank,16.886266438313502,81.80295766874407,200.0,0.547398555516666,0.2475425725222596,-0.5422977819029206,2.3600733661550337,218.08625349937253,3.2985548737709136,,,,0.0,0.0,0.0,-9.16118154156292,-15.732062136944672,6.5708805953817455,0.0,0.0,0.0,81.79,119.21,0.0,0.0,0,0,0.09873116834112512,0.4772995287615163,0.4641920090460566,0.32259530466449493,Budameru,0.060852263,0.19172378389364597,GREEN
control_Pennar_001,control_Pennar,none,Pennar Right Bank,14.47411229953001,79.85989087411173,200.0,0.3678291920225059,0.1398307195147524,-0.3760791129049151,2.51142578125,156.00209960937502,3.3193480957375896,,,,0.0,0.0,0.0,-10.826466719934448,-17.65494556047511,6.828478840540664,0.1373957971517888,0.0,0.0,0.0,295.57,0.0,0.0,0,0,0.1351832742323954,0.4680635262722343,0.46940050410819045,0.3352456699152878,Annamayya,0.060852263,0.1980489665190424,AMBER
control_Pennar_004,control_Pennar,none,Pennar Right Bank,14.471861364652764,79.8646120382253,200.0,0.3385093584588282,-0.0020734384172953,-0.3890641870948224,2.333430999121008,152.60655337435296,3.413114645686892,,,,0.0,0.0,0.0,-8.818513019361266,-16.20463537378159,7.386122354420313,0.0,0.0,0.0,0.0,297.21,0.0,0.0,0,0,0.09873116834112512,0.36734225552105604,0.47842336028725174,0.28766809684063255,Annamayya,0.060852263,0.17426017998171478,AMBER
control_Pennar_007,control_Pennar,none,Pennar Right Bank,14.471469798369371,79.8700647397772,200.0,0.5142767008168341,0.128355033110485,-0.4879565283858731,1.944254445964432,127.828415086965,3.664012483367912,,,,0.0,0.0,0.0,-8.160425703672185,-15.019904632052134,6.8594789283799535,0.0,0.0,0.0,0.0,299.56,0.0,0.0,0,0,0.09873116834112512,0.5108748969918854,0.5040305027811234,0.34430630697889075,Annamayya,0.060852263,0.20257928505084388,AMBER
control_Pennar_010,control_Pennar,none,Pennar Right Bank,14.472330683936232,79.87533334329436,200.0,0.4205885637011525,0.1473795305418191,-0.4097312496807995,2.109033203124999,137.970751953125,3.513284060822266,,,,0.0,0.0,0.0,-9.62247858732223,-16.081479556248933,6.459000968926711,0.0,0.0,0.0,0.0,302.16,0.0,0.0,0,0,0.09873116834112512,0.5097918889020472,0.487486645574868,0.3397912898458836,Annamayya,0.060852263,0.2003217764843403,AMBER
control_Pennar_013,control_Pennar,none,Pennar Right Bank,14.472636982038846,79.88081202941021,200.0,0.3839417419076541,0.1623531035710048,-0.3724601536923676,1.3638761355865978,146.12376672853372,4.047592517631344,,,,0.0,0.0,0.0,-9.20421764536428,-15.845466480053489,6.6412488346892085,0.0,0.0,0.0,0.0,305.02,0.0,0.0,0,0,0.09873116834112512,0.5300348152800903,0.5434249827346411,0.36086089836814195,Annamayya,0.060852263,0.21085658074546948,AMBER
control_Pennar_016,control_Pennar,none,Pennar Right Bank,14.474532459116558,79.88569775710583,200.0,0.4818253651063501,0.1810573864807194,-0.4539043573172945,1.44887390688358,129.1215496604622,3.948606387942249,,,,0.0,0.0,0.0,-8.68648774142068,-15.128206032460726,6.441718291040032,0.0,0.0,0.0,0.0,308.3,0.0,0.0,0,0,0.09873116834112512,0.5631997390783348,0.5321700892714913,0.36965489833174003,Annamayya,0.060852263,0.21525358072726852,AMBER
control_Pennar_019,control_Pennar,none,Pennar Right Bank,14.475160958137682,79.8911620060476,200.0,0.3338793697722208,0.1702707619094211,-0.2718173809508561,2.0399453071589018,126.1779470651431,3.833711972989347,,,,0.0,0.0,0.0,-11.712793231996592,-18.778431343247547,7.065638111250976,0.242034207327661,0.0,0.0,0.0,311.33,0.0,0.0,0,0,0.16294460672651243,0.4856272977676823,0.5273835655333745,0.36699328829263744,Annamayya,0.060852263,0.21392277570771723,AMBER
control_Pennar_022,control_Pennar,none,Pennar Right Bank,14.473819834589731,79.89645982907162,200.0,0.5500960695457217,0.1843436887634766,-0.4903632663896305,1.9354334554334556,161.03482295482294,3.6585046585110113,,,,0.0,0.0,0.0,-8.80128184352187,-14.927018165711406,6.125736322189519,0.0,0.0,0.0,0.0,312.89,0.0,0.0,0,0,0.09873116834112512,0.5733331943195461,0.5031764784899917,0.3659532049707891,Annamayya,0.060852263,0.21340273404679305,AMBER
control_Pennar_025,control_Pennar,none,Pennar Right Bank,14.471599032439808,79.90133255368748,200.0,0.4839370771665824,0.1662868971607889,-0.4556432855861147,1.4597420363494231,147.44606214578852,3.879987417224048,,,,0.0,0.0,0.0,-7.342512257754542,-15.325000857651826,7.98248859989728,0.0,0.0,0.0,0.0,313.83,0.0,0.0,0,0,0.09873116834112512,0.5498870649122133,0.5235602380856189,0.3628429995771294,Annamayya,0.060852263,0.2118476313499632,AMBER
control_Pennar_028,control_Pennar,none,Pennar Right Bank,14.470504610726474,79.90678244732341,200.0,0.2813755047910788,0.1237620699265491,-0.2588906979567022,1.5933668734430717,136.87012162360182,3.8280077793636735,,,,0.0,0.0,0.0,-7.917813627477228,-15.783885612847502,7.866071985370263,0.0,0.0,0.0,0.0,315.8,0.0,0.0,0,0,0.09873116834112512,0.5036543347961394,0.5191459442248463,0.3455579705713104,Annamayya,0.060852263,0.2032051168470537,AMBER
control_Pennar_031,control_Pennar,none,Pennar Right Bank,14.469330115479243,79.91221008057656,200.0,0.4602130743534414,0.1563186124949317,-0.419182895924257,1.453413419279227,142.79963863658563,3.93736169622056,,,,0.0,0.0,0.0,-9.11860440792228,-15.38956131278626,6.270956904863984,0.0,0.0,0.0,0.0,317.11,0.0,0.0,0,0,0.09873116834112512,0.5418863054641527,0.5308055495913586,0.36185406164674316,Annamayya,0.060852263,0.2113531623847701,AMBER
control_Pennar_034,control_Pennar,none,Pennar Right Bank,14.46770238419458,79.91751353841146,200.0,0.3847276942902877,0.1311262418653989,-0.3950614029852765,1.5081318681318685,134.5367032967033,3.932310162910959,,,,0.0,0.0,0.0,-8.868685893108857,-16.08397760265566,7.215291709546808,0.00145415084102,0.0,0.0,0.0,318.02,0.0,0.0,0,0,0.09911696515250926,0.5062239066033674,0.5310780516802995,0.34959466629225716,Annamayya,0.060852263,0.2052234647075271,AMBER
control_Pennar_037,control_Pennar,none,Pennar Right Bank,14.466411291388903,79.92278213704287,200.0,0.4842617860933093,0.2329156906362474,-0.4330412201580064,1.6330727894479729,165.04088910600885,3.769954893380849,,,,0.0,0.0,0.0,-9.062300158001646,-14.81405584168212,5.751755683680462,0.0,0.0,0.0,0.0,318.65,0.0,0.0,0,0,0.09873116834112512,0.6239911456798363,0.5123747309614552,0.38598305106475655,Annamayya,0.060852263,0.22341765709377678,AMBER
control_Pennar_040,control_Pennar,none,Pennar Right Bank,14.466656572711148,79.92829234228208,200.0,0.2040471377095428,0.2266195465215426,-0.1656168620478804,1.4412799218368344,100.18080117244746,4.025840691173859,,,,0.0,0.0,0.0,-9.062983896304374,-14.863481579274003,5.800497682969624,0.0,0.0,0.0,0.0,318.63,0.0,0.0,0,0,0.09873116834112512,0.617277828595355,0.5419389082304413,0.3910244344024346,Annamayya,0.060852263,0.22593834876261581,AMBER
control_Pennar_043,control_Pennar,none,Pennar Right Bank,14.46573927725385,79.93357479535845,200.0,0.3211113422017578,0.1683221164126909,-0.2748811106273089,1.9995114086089807,111.41564469634044,3.568385860686596,,,,0.0,0.0,0.0,-8.595855785933786,-14.913644786124728,6.317789000190949,0.0,0.0,0.0,0.0,318.3,0.0,0.0,0,0,0.09873116834112512,0.5628152150532811,0.49270615717659577,0.3596543318992474,Annamayya,0.060852263,0.2102532975110222,AMBER
control_Pennar_046,control_Pennar,none,Pennar Right Bank,14.463360978291533,79.93854225811492,200.0,0.3356593130365629,0.1173058578799251,-0.3044106488868721,1.3970114268971578,129.63228830940517,3.9606642658084543,,,,0.0,0.0,0.0,-8.995487054495264,-16.46565680313122,7.470169748635956,0.0014542455287376,0.0,0.0,0.0,317.15,0.0,0.0,0,0,0.09911699027385051,0.4856676355155563,0.5328433569298561,0.3428413077724489,Annamayya,0.060852263,0.20184678544762297,AMBER
control_Pennar_049,control_Pennar,none,Pennar Right Bank,14.462291726755211,79.94398618290704,200.0,0.1199757903270564,0.1898473808807918,-0.0792355108629937,1.84369353972362,140.83895698032134,3.719702375239765,,,,0.0,0.0,0.0,-7.667085523547265,-14.848283995615724,7.181198472068456,0.0149555024962014,0.0,0.0,0.0,316.42,0.0,0.0,0,0,0.10269897210186478,0.5823911106743231,0.5094759970036662,0.37228547682767554,Annamayya,0.060852263,0.21656886997523628,AMBER
control_Pennar_052,control_Pennar,none,Pennar Right Bank,14.46055869329686,79.94902568829973,200.0,0.3690782632941137,0.2000427753568356,-0.3738755502620423,2.0290180752320466,167.58588177821196,3.5107732557599034,,,,0.0,0.0,0.0,-8.050927044406645,-15.317639193218792,7.266712148812146,0.0,0.0,0.0,0.0,315.81,0.0,0.0,0,0,0.09873116834112512,0.582285362200905,0.48581991647050055,0.36474732322439196,Annamayya,0.060852263,0.2127997931735945,AMBER
control_Pennar_055,control_Pennar,none,Pennar Right Bank,14.458779915311643,79.95398763082665,200.0,0.4059532105033009,0.1515520599330384,-0.360682536940291,1.953115842938074,155.3339031060754,3.655546925230967,,,,0.0,0.0,0.0,-8.112829974818105,-14.834732732310236,6.72190275749213,0.0,0.0,0.0,0.0,315.06,0.0,0.0,0,0,0.09873116834112512,0.5466884109112495,0.5030947174848015,0.35660709052658773,Annamayya,0.060852263,0.20872967682469237,AMBER
control_Pennar_058,control_Pennar,none,Pennar Right Bank,14.458663020214498,79.95891746082353,200.0,0.4149845071458131,0.1819684497340923,-0.3573031975383208,1.2937612975719384,96.63056329083008,4.122802083373182,,,,0.0,0.0,0.0,-8.344035991059293,-14.984511823189626,6.6404758321303445,0.0,0.0,0.0,0.0,314.93,0.0,0.0,0,0,0.09873116834112512,0.5715196439724565,0.5518834232568323,0.3774951985410179,Annamayya,0.060852263,0.21917373083190744,AMBER
